title,content
정말 좋은 경험이였습니다!,박은경 해설사 님과 함께 했는데 설명도 너무 쏙쏙 잘해주세요! 지루하지도 않고 새로운 사실 많이 알고 가요! 친절히 알려쥬시고 혼자갔는데 사진도 진짜 잘찍어주셨어요! 밤에 보니까 더 멋지네요! 바람도 솔솔 불어서 그리덥진않았는데 손풍기는 이날씨엔 좀 필요할거같아요! 창경궁 야간투어도 가고싶네요!
최고의 전시,"도슨트 설명 너무좋았구요
작품도 너무 감동이었습니다
굿즈도 이쁘고
무조건 강추입니다"
아이들 놀기 좋네요~,더운데 실내라 시원하고 좋았어요선생님이 작은 수업도 진행해주셔서 즐겁게 놀다왔어요
마법여우 주비,"더어릴때왓어도좋앗을거같아요
코너마다선생님들이계셔서
친절히알려주고
놀아줘서너무좋아요
학습적인측면도잇어서너무너누만족하고갑니다"
마법여우 주비,"더어릴때왓어도좋앗을거같아요
코너마다선생님들이계셔서
친절히알려주고
놀아줘서너무좋아요
학습적인측면도잇어서너무너누만족하고갑니다"
브로콜리 숲속놀이터,"처음으로 방문했는데
아이가 너무 좋아하네요~~
선생님도 너무 친절하시고
체험할수있는 것들도 많아서 너무 알찬시간이였던것 같아요~~^^"
마법여우 주비,"더어릴때왓어도좋앗을거같아요
코너마다선생님들이계셔서
친절히알려주고
놀아줘서너무좋아요
학습적인측면도잇어서너무너누만족하고갑니다"
피규어 덕후에게 최고의 체험,"아트토이 덕후로서 정말 유익하고 재미있는 체험이었습니다! 제작에 도움을 주시는 작가님들도 모두 친절하시고, 하나하나 자세히 설명해주셨어요ㅎㅎ 심지어 체험에 참여하면 현장에 판매하는 티셔츠, 모자나 피규어도 반값으로 할인해줘서 여러모로 만족스러웠습니다. 강추!"
아기자기해요,더울 때 한번쯤 가보기 좋아요.만 4세 이하는 즐겁게 놀 수 있을 것 같아요.
아이보다 어른이.. ㅋ,아이보다 부모가 더 잼있는 체험인것 같아요.. 예전 만화와 힙합이라는 장르에 대한 정리가 잘되어있는것 같네요.. 아이가 요즘 웹툰은 안보인다고 조금 섭섭해 했지만 잼있고 유익한 시간이었어요..
미디어 체험형 전시로 추천,딱딱해지기 쉬운 전시회들이 많지만 이번 파리의 휴일 전시회는 놀이터처럼 놀아도 되고 포토존이 많아서 사진찍을 거리가 많은 전시였네요. 그네도 타고 카약도 타고 분필로 낙서도 하고 미디어 아트랑 사진도 찍구요. 내가 걸어다니면 꽃잎이 치워지고 모델처럼 다양한 포즈를 명화앞에서 해볼 수 있는 기회가 선사됩니다. 햇빛이 무서운 이번 여름 날씨에는 실내 전시가 여름을 나는데 한몫하는 거 같습니다. 시원한 에어컨 바람쐬며 후기 인상파 작가들의 작품을 재밌게 감상하는 시간이었습니다. 에펠탑 앞에서 그네타는 거 정말 신기하고 재밌었어요!!!
브로콜리 숲속 놀이터 추천,"40개월 딸 아이와 놀러왔어요! 
최소한 하루전에 무조건 예매하세요!!! 
여기가 제일 싸게 예매 가능하며, 미리 도착해서 어떻게 할까 고민했는데 시간도 조정해주세요.

오전에는 단체관람도 많아서 12시 이후를 추천해요.
이른 점심 먹고 노는 것도 좋아요. 외부 음식은 반입이 안되구요.

양말은 무조건 착용!
부모님들도 잊지말고 양말 신고 와야합니다.

칠교 수업도 있어서 쉬어가기 좋고
액티브한 곳에는 선생님들이 무조건 한명씩 붙어계셔서 위험을 방지할 수 있어요.

더운 여름 바깥에서 놀기 힘든데 
실내에서 재미있게 놀고 갑니다~!"
새로운 경험을 해볼 수 있는 좋은 시간 이었습니다.,"재미 있었지만, 시간이 부족해서 아쉬웠습니다."
스웨덴국립미술관의 수준 높은 작품 놓치지 마시길요!,"스웨덴국립미술관의 수준 높은 작품으로 이루어진 전시회 강추합니다!
이번에 기회가 되서 도슨트를 통해 접했는데, 북유럽 인상파가 나온 역사적 배경과 화가들의 면면, 그리고 그림에 담겨진 스토리까지 알게된 정말 알찬 시간이었답니다.
그림에 대한 이해도의 수준이 더욱 깊어지니, 시간 되시는 분들은 도슨트도 꼭 들어보시길요!"
원피스 짱,친구가 좋아해서 예매하고 같이 보러 갔는데 둘 다 너무 재밌게 봤어요 ㅎㅎ 상품들도 좋아하고 뜻깊은 시간이었습니다! 한 번쯤 추천합니다~
너 내 동료가 돼라 ….,친구가 좋아해서 예매하고 같이 보러 갔는데 둘 다 너무 재밌게 봤어요 ㅎㅎ 상품들도 좋아하고 뜻깊은 시간이었습니다! 생각보다 되게 잘 되어있었고 반갑고 그렇더라고요!
헬로키티 50주년 특별전,"헬로키티 50주년 특별전을 동대문플라자DDP 뮤지엄에 딸아이와가서 관람을 하고 왔습니다.
키티의 남친이나 가족관계도 자세히 나열되어있고 너무 귀여운 사진 등 물건들이 많아서 볼거리가 많았습니다.
어느곳에서나 사진도 너무 이쁘고 귀엽게 나오고 딸아이가 너무 좋아해서 너무 즐겁게 보고 왔습니다????"
더 현대 전시,"전시가 관람하기 좋은 동선으로 구성되었고, 내용이 알차게 전개되었던 점이 좋았다."
우울하지만 행복했던 천재의 내면,"더위 속에 시원한 곳에서 베르나르의 내면을 잘 파악할 수 있었습니다. 우울한 듯 하면서도 내면은 행복한 사람이란걸 느낄 수 있었습니다. 어린시절 부모님과의 관계에서 겪은 우울감을 사랑하는 아내와 작품활동을 통해 극복하고 살았구나 싶었습니다.  아쉬운 점은 작품이 연대별로 구성되어 있지 않고 주제별로 나뉘어 있어서, 시간이 지남에 따라 변화하는 베르나르의 모습을 관찰하기는 어려웠습니다."
파리의휴일 멋지네요,"미디어아트로 명화를 감상하고 왔네요
파리의 여유로운 일상을 음악과 함께 다양한 작품 속에서 거닐다 온 듯 해요 
볼거리,즐길거리가 제법 많았어요"
놓치면 후회 할 전시회,"마음이 따뜻하고 행복해 지는 그림들을 
보며 아름다운 자연, 소중한 가족과 
일상의  감사함을 느낄 수 있었답니다."
전시의 좋은 기억,고등학교 때부터 시작한 전시의 좋은 감정이 스무살이 되고 나서 사라져서 매우 슬펐는데 이번 전시를 보고 나니 왜 내가 전시를 좋아했고 계속 찾아보게 됐는지 알게돼서 너무 좋고 노래를 좋아하는 사람으로써 전시구역마다 나오는 노래들도 달라 흥미로웠습니다 그리고 너무 천재의 생각을 들여다 본거 같아ㅜ좋았습니다
"크루즈 디에즈 - RGB, 세기의 컬러들","이번 전시는 단순한 미술 전시를 넘어, 색채와 빛의 과학적 연구를 통해 예술의 새로운 가능성을 탐구하는 기회를 제공합니다. 크루즈 디에즈의 작품을 통해 색의 매력을 느끼고, 그가 전하는 메시지를 깊이 있게 이해할 수 있는 소중한 시간이 될 것입니다."
미래에서 온듯한 착각,"작품안에 보석을 박은 의도가 궁금하네요.
포켓몬을 볼꺼라고 상상도 못했습니다.
호텔 스위트룸 종이에 그린 그림들은 정말 
그런 종이에다가 그렸다고 말 안하면 모를정도였어요.
미래공상과학을 보는듯한 느낌이 들었습니다."
벽화마을에 온듯한 착각,"벽에 그릴때 밑그림을 그리지 않고 바로 그려서
칠했다고 들었는데 어떻게 그럴수 있나요...?!
그림 보는 내내 입이 다물어지지 않았습니다.
귀여우면서 아기자기한 느낌도 있고 
기한이 끝나면 철거될꺼라고 하니 너무 아쉽네요."
시원하게 볼 수 있는 전시,"이번 전시는 독특하게 한 편의 영화처럼 매 시간때마다 LONG SHOW + SHORT SHOW 로 구성되어있어서, 회차 시간에 맞춰서 들어가면 더 좋아요
네덜란드 미술의 황금기였던 17세기 거장들의 작품들을 빛과 음악을 통해 만나 볼 수 있다니 이런 전시는 처음이라 정말 신기했어요~^^사진을 보면 알 수 있다시피 1층, 2층 으로 되어있어서 걸어다니면서 관람해도 되고, 어딘가 앉아서 편하게 봐도되고 자유롭게 관람할 수 있다는 것이 가장 특징이에요~^^ 마치 쇼장에 온 것 같은 기분이었어요~ 없던 텐션도 끌어올려주는 듯한 분위기가 정말 예술 그 자체였답니다! 사방의 벽면들과 바닥, 천장까지 모두 활용해서 스크린 아트를 만나볼 수 있는데, 정말로 작품 안에 들어와 있는 기분을 들게 했어요. 그림도 살짝 살짝 움직여서 정말 생동감이 있었답니다. 누워서 정말 관람하시는 분들도 계시구요~ 홀 장 안에는 화장실도 있고 하니까, 여유롭게 관람하시면 될 것 같더라구요!^^ 저는 베르메르 작품 '진주귀걸이를 한 소녀'도 물론 마음에 들고 인상깊었지만, 빈센트 반 고흐가 개인취향인지라 ~빈센터 반 고흐 나올때까지 한번 더 봤어요~^^'별이 빛나는 밤에', '카페 테라스' 보면서 힐링했답니다. 바닥에 비치는 물결에 올라도 가보고 말이죠~ 전시장 한쪽에는 CONTEMPORARY SHOW라고 해서, 작은 룸 안에서 독특한 영상을 틀어주고 있었어요. 장지연 작가님의 <언캐니 네이터;루미에르 버전> 이라는 전시인데, 이끼가 낀 오래된 석상이 살아 움지이는 것을 보고, 굉장히 색다른 느낌을 받았어요. 본 전시는 있는 그대로 즐겼다면, 코너 속 코너 같은 CONTEMPORARY SHOW 는 작품을 완벽히 이해하기는 살짝 어려운 부분이 있었지만, 안봤으면 아쉬웠을 전시였습니다!^^ 가족단위로도 많이 오고, 연인과 함께, 또는 친구와 함께, 그 누구와 함께 와도 눈치안보고 자유롭게 관람할 수 있는 이번 전시 정말 강력추천합니다~^^ 무엇보다 더운 여름에 시원하게 볼 수 있는 전시에요"
원피스 좋아,"원피스 마니아! 모이세요!! 
꼭 보고 오세요~!!
포토존도 꽤 있는데 사진 찍기는 애매하긴 합니�い빱�"
매년 좋은작품 보고 갑니다~~^^,"아이들과 작품 잘 보고 갑니다~

내년에도 기대합니당~~"
에드바르 뭉크 전시 관람,"절규로 유명한 뭉크의 여러 화풍을 볼 수 있어 좋았다.
지루하지 않게 구성이 되어 있다."
작품과 함께할 수 있는 흥미로운 전시회,"작가의 작품 감상은 물론, 다양한 작품을 관람객이 함께 체험할 수 있는 콘셉이 매우 흥미로운 전시회특히 아이들과 함께 한다면, 미술에 대한 이해와 흥미가 커질 것 같네요."
전시 좋았어요.,전시 좋았어요.
재미있는 세계관,"재미있는 전시. 발굴된 미래라니, 재미있어요. 보는 재미 & 찍는 재미까지요. 깨끗한 흰 바탕이 주라서, 더 좋았던 것 같아요. 전시장을 지키는 직원분들도 모두 흰 가운을 입고 계시네요? 진짜 연구원처럼 ㅎㅎㅎ"
동행한 사람이 의지가 되네요,"정말 칠흑같은 어둠속에서
동행인이 의지가 되었습니다 
연인. 가족 추천합니다.
어둡지만 깜짝 놀래키는 일은 없으니
마음을 편하게 갖고 체험하면 좋을 것 같아요"
키티 전시회 후기…??,주변이 온통 다 귀여운 키티와 산리오여서 구경 내내 행복했어요 어딜보든 귀여운 것만 가득♡ 굿즈샵도 귀여운 거 많아서 만족
뭉크전,뭉크의 유화버전 절규는 못봤지만 그의 작품과 삶을 좀 더 이해할 수 있던 전시였습니다
시즌1도 보았던 사람의 후기!,"시즌1과 2는 매우 흡사합니다! 하지만 이번엔 혼자 간게 아니라 친언니랑 가서 더 좋았던것같아요~

친언니에게도 좋은 시간이 되었으면 좋겠네요!"
미디어아트,"널찍한 인터랙티브 룸 좋았어요. 뛰어다니며 빗속에서 춤추고 다채로운 색깔의 그림자를 경험할 수 있어서 재미있었어요. 요새 트렌드는 참여형 전시가 많은데 주로 그네, 보트, 의자, 테이블 등 사진으로 체험하는 스튜디오형이었어요."
열정적,열정적이십니다
좋아요,재미있는 경험이었습니다
공포에 대한 통찰이 잘 표현되었습니다,두려움 질투 공포에 대한 통찰이 잘 표현된 그림이었습니다
자주 했으면 좋겠어요,각 코너당 10분 체험이라 처음엔 뭘 하겠나 싶다가도 꽉찬 십분이라 애들이 좋아해요 ㅎㅎ자주 하면 좋겠어요!
문화해설사님의 수고에 감사드려요,"지난 토요일(8월10일 오후6시) 창경궁 야경 투어를 갔었습니다. 서울 중심의 궁궐에 대해 관심은 있었으나, 시간도 그렇고 5백년 역사에 비해 비운의 역사가 많은 조선의 속살을 본다는게 사실 썩 내키지는 않았어요. 뭐 그래도 우리 역사니 5대궁에 한번 가보자는 마음으로 가볍게 갔는데요. 박근숙 해설사님의 재밌고 유익한 해설을 들으며 많은걸 배우고 느꼈습니다.  ''나의 문화유산답사기''를 말로 풀어내는 듯한 매끄러운 흐름의 해설은 집중력이 약한 저에게 창경궁의 이야기는 좋은 기억으로 남았습니다. 특히 옷에 땀이 배도록 열정적으로 해설해 주신 박근숙해설사님 감사드려요."
귀엽고 소장하고 싶은 그림과 피규어들,작품이 단순한데 깊이감이 있고 글에 집중하고 그림을 바라보면 또 다른 힐링이 기다리고 있었습니다.
최고,윤하님 팬으로서 공연이아닌 전시형태로 윤하를 느낄수있었음에 감사했던 시간이었습니다. 방문 2회차 부터 무엇을 잔달코자 했음을 이해했기에 도슨트 추천. 공간 향 음악 모두 만족
사바사,무서운거 잘 못 보는 분들은 많이 무서워하시던데 저랑 친구는 그냥 오..~ 퀄리티 좋다 하면서 봤습니다. 보시기 전에 이토준지 한번쯤은 꼭 보고 가시는게 몇배는 더 관람하시기에 재밌으실거 같아요!
고영란해설사님과 덕수궁의 역사와 오래된 표현,오랫동안 잊고있던 표현과 역사에 대해 좋은 설명해주셔서 감회가 새로웠습니다. 독립운동가들의 피땀어린 노력으로 우리가 이 자리에 있다는 것도 새삼 깨닫게 되었습니다. 엄청나게 더운 날씨임에도 아랑곳 않고 힘든 기색 하나 없이 열정적 해설을 해주신 고영란 해설사님께 많은 감사드립니다. 항상 건강하세요~!
관람 후기??,"바쁜 현대인에게 작은 유토피아를 선 보이는 전시.

나의 유토피아는 무엇일까? 에 대한 생각의 여지를 남길 수 있었어요. 다양한 작가들의 유토피아에 대한 표현방식도 인상적이었습니다.

전시를 좋아해서 이것저것 전시를 많이 방문하곤 하는데, 그라운드 시소를 만날 수 있어서 반가웠습니다!"
파리의 휴일을 느끼다,무더운 여름날 더위를 날려 버릴 시원한 공간에서파리 인상파 화가들의 작품을미디어 아트로 재구성한 작품들을볼 수 있는 좋은 시간이었습니다.각각의 작품들을 보고 이해하고 느끼노라면어느새 시간이 훌쩍 지나 버린 것을 알게 됩니다.파리지앵들과 당시의 예술가들처럼 그곳을걷고 생각하며 시간을 보낼 수 있음이감사한 시간이었습니다.좋은 전시 감사드립니다.
좋아요,"절규도 좋지만 마돈나, 뱀파이어도 같이 들어온 게 좋았어요"
따스한 그림들과 힐링의 시간~^^,"스웨덴 국립미술관 컬렉션. 
북유럽 화가는 뭉크밖에 몰랐던 내게 다소 생소한 느낌으로 다가온 전시회명. 게다가 부제는 ""새벽부터 황혼까지"". 일단 어떤 전시인지 궁금했지만, 한번도 실망한 적 없었던 마이아트뮤지엄에서의 전시였고, 관람객들에게 항상 쉽고 재미있게 작품을 소개해주시는 이지안 도슨트께서 참여하기에 고민없이 예매를 했다.

스칸디나비아 화가들의 이름은 매우 생소했지만, 몇몇 작품들은 어디선가 본듯한 것들이었고 다른 작품들도 보고 있으면 마음이 따뜻해지는 기분이었다. 
그들이 파리로 가서 외광회화에 눈을 뜨고, 돌아와서 그전까지의 실내 작업 형태에서 벗어나 밖으로 나가서 본격적으로 화폭에 빛을 담아냈던 모습이 도슨트님의 설명속에서 생생히 그려졌다.
""새벽부터 황혼까지""라고 한 부제의 의미도 이해할 수 있었다.

그들의 그림속에서 따스하게 빛나고 있는 햇살들로부터 위안을 받았던 힐링의 시간이었다.^^"
좋았어요,도슨트를 놓쳐서 아쉬워요
좋았어요!!!,작품수가 적다는 후기를 꽤 봤는데 저는 그렇다고 느끼진 않았고 만족했어요!!! 다양한 뭉크의 작품을 볼 수 있아서 좋았어요 뭉크라는 화가의 개인사에 대해서 알면 더 재미있게 볼 수 있을 것 같아요 h몰앱에서의 온라인 도슨트를 신청했는데 그 부분에 대한 설명은 없기 때문에 먼저 찾아보면 더 좋을것 같아요!
진규상 길동무 해설사님 감사드립니다^^,"열대야에 푹푹찌는 날씨에도 함박웃음과 함께 열정적으로 해설해주신 진규상 길동무 해설사님 감사드립니다! 덕수궁을 여러번 와보았지만 왜 다른 궁들과 조금 다른지, 잘 알지 못했던 근대사에 얽힌 어떤 이야기가 담겨 있는지 모른채 그저 궁궐로만, 근처 직장인들에게 점심시간 꿀같은 여유를 주는 아름다운 곳으로만 알고 있었던 것 같아 해설을 듣고 나니 조금 부끄러운 마음이 들었습니다~ 덕분에 잊고 있던 근대사도 다시 배우며 덕수궁을 다시 마주하게 되었습니다(이것이 한양길라잡이 해설의 매직입니다!) 궁금했던 이야기들도 많이 들었구요! 더운 날씨에 고생 많으셨고 감사합니다 ^^ 

ps. 물 손선풍기 모기기피제 챙기세요!"
무더운 주말 여자친구가 너무 좋아했어요!,오랜만에 전시 검색하다가 반가운 팀보타전시가 보여서 예매후 다녀왔습니다. 이번 전시는 집과도 가까워 여자친구와 다녀오기 너무 편했는데요. 늘 그렇듯 자연을 주제로 다양한 시도를 보여주는 팀보타만의 전시였습니다 거기에 가수 윤하님이 직접 참여하신 음악도 전시를 한층 업그레이드 시켜주어 더 만족하고 감상했습니다. 여자친구가 너무 좋아해서 저도 더 좋았네요. 나오면서 보이던 엔리오모리꼬네 전시도 너무 기대됩니다!
제일좋았던점은,"꼼꼼한 연출력
나는 전시회 끝까지 다다르고 나서야 깨닫고 충격먹었는데 이게 보면 처음에는 우거진 숲이다가 나중에는 연꽃이 등장한다 근데 이게 중심인 꽃만 신경쓰기 보다 장소가 바뀔때의 혼란을 방지하게끔 제작된 통로, 그리고 장소의 변화에 따른 바닥의 변화까지 정말 하나하나 신경쓴게 느껴졌다 흙바닥에서 진흙과의 감촉과 가장 비슷한  소재로 깔아놓은 거 완벽했다.
 상징성이 짙은 탄탄한 스토리라인
관별 글귀를 읽으면 이게 뭐지 싶은데 곱씹으면 곱씹을수록 팀보타가 왜, 어떻게, 어느 자리에 심지어 조명까지 설치했는지 눈에 들어오는데 감동이더라 예를 들면 마지막에서 세번째였나 그 시중에 물의 증발과 비내리는 것 그리고 소녀가 그 빗방울을 맞는 촉감까지 그 과정을 하나하나의 단어로 집약해서 여러가지 설명이 다음 이야기와 이어지도록 한거 미쳤던 거 같다"
제일좋았던점은,"꼼꼼한 연출력
나는 전시회 끝까지 다다르고 나서야 깨닫고 충격먹었는데 이게 보면 처음에는 우거진 숲이다가 나중에는 연꽃이 등장한다 근데 이게 중심인 꽃만 신경쓰기 보다 장소가 바뀔때의 혼란을 방지하게끔 제작된 통로, 그리고 장소의 변화에 따른 바닥의 변화까지 정말 하나하나 신경쓴게 느껴졌다 흙바닥에서 진흙과의 감촉과 가장 비슷한  소재로 깔아놓은 거 완벽했다.
 상징성이 짙은 탄탄한 스토리라인
관별 글귀를 읽으면 이게 뭐지 싶은데 곱씹으면 곱씹을수록 팀보타가 왜, 어떻게, 어느 자리에 심지어 조명까지 설치했는지 눈에 들어오는데 감동이더라 예를 들면 마지막에서 세번째였나 그 시중에 물의 증발과 비내리는 것 그리고 소녀가 그 빗방울을 맞는 촉감까지 그 과정을 하나하나의 단어로 집약해서 여러가지 설명이 다음 이야기와 이어지도록 한거 미쳤던 거 같다"
제일좋았던점은,"꼼꼼한 연출력
나는 전시회 끝까지 다다르고 나서야 깨닫고 충격먹었는데 이게 보면 처음에는 우거진 숲이다가 나중에는 연꽃이 등장한다 근데 이게 중심인 꽃만 신경쓰기 보다 장소가 바뀔때의 혼란을 방지하게끔 제작된 통로, 그리고 장소의 변화에 따른 바닥의 변화까지 정말 하나하나 신경쓴게 느껴졌다 흙바닥에서 진흙과의 감촉과 가장 비슷한  소재로 깔아놓은 거 완벽했다.
 상징성이 짙은 탄탄한 스토리라인
관별 글귀를 읽으면 이게 뭐지 싶은데 곱씹으면 곱씹을수록 팀보타가 왜, 어떻게, 어느 자리에 심지어 조명까지 설치했는지 눈에 들어오는데 감동이더라 예를 들면 마지막에서 세번째였나 그 시중에 물의 증발과 비내리는 것 그리고 소녀가 그 빗방울을 맞는 촉감까지 그 과정을 하나하나의 단어로 집약해서 여러가지 설명이 다음 이야기와 이어지도록 한거 미쳤던 거 같다"
제일좋았던점은,"꼼꼼한 연출력
나는 전시회 끝까지 다다르고 나서야 깨닫고 충격먹었는데 이게 보면 처음에는 우거진 숲이다가 나중에는 연꽃이 등장한다 근데 이게 중심인 꽃만 신경쓰기 보다 장소가 바뀔때의 혼란을 방지하게끔 제작된 통로, 그리고 장소의 변화에 따른 바닥의 변화까지 정말 하나하나 신경쓴게 느껴졌다 흙바닥에서 진흙과의 감촉과 가장 비슷한  소재로 깔아놓은 거 완벽했다

 상징성이 짙은 탄탄한 스토리라인
관별 글귀를 읽으면 이게 뭐지 싶은데 곱씹으면 곱씹을수록 팀보타가 왜, 어떻게, 어느 자리에 심지어 조명까지 설치했는지 눈에 들어오는데 감동이더라 예를 들면 마지막에서 세번째였나 그 시중에 물의 증발과 비내리는 것 그리고 소녀가 그 빗방울을 맞는 촉감까지 그 과정을 하나하나의 단어로 집약해서 여러가지 설명이 다음 이야기와 이어지도록 한거 미쳤던 거 같다"
제일좋았던점은,"꼼꼼한 연출력
나는 전시회 끝까지 다다르고 나서야 깨닫고 충격먹었는데 이게 보면 처음에는 우거진 숲이다가 나중에는 연꽃이 등장한다 근데 이게 중심인 꽃만 신경쓰기 보다 장소가 바뀔때의 혼란을 방지하게끔 제작된 통로, 그리고 장소의 변화에 따른 바닥의 변화까지 정말 하나하나 신경쓴게 느껴졌다 흙바닥에서 진흙과의 감촉과 가장 비슷한  소재로 깔아놓은 거 완벽했다

 상징성이 짙은 탄탄한 스토리라인
관별 글귀를 읽으면 이게 뭐지 싶은데 곱씹으면 곱씹을수록 팀보타가 왜, 어떻게, 어느 자리에 심지어 조명까지 설치했는지 눈에 들어오는데 감동이더라 예를 들면 마지막에서 세번째였나 그 시중에 물의 증발과 비내리는 것 그리고 소녀가 그 빗방울을 맞는 촉감까지 그 과정을 하나하나의 단어로 집약해서 여러가지 설명이 다음 이야기와 이어지도록 한거 미쳤던 거 같다"
너무 알차고 소중한 경험이였습니다,피규어를 직접 도색해볼 수 있는 너무 소중한 경험이였습니다. 그리고 1층에서는 너무 이쁜 작품들을 볼 수도 있었습니다. 음료수도 제공해주고 물건 구매시 할인까지 받을 수 있는 너무 알찬 이벤트였다고 생각합니다! 다음에 또 기회가 있으면 참여 하고 싶네요 ^^
즐겁게 잘 관람했어요,즐겁게 잘 관람했어요
..,설명이 너무 없음 앞에 하나있고 뒤에 하나있음 전시회가 너무 어이없음 그냥 인스타에 올릴 사진 찍으러 가는 느낌
뭉크,"생각보다 작품수가 적었고
다양한 작품을 기대했는데 아쉬웠다"
뭉크전시회,아이들과 뭉크 전시회를 다녀왔다. 재미있고 유익한  하루였습니다.
나를 돌아보는 시간,"나도 몰랐던 감정을 전시를 보면서 풀어낼 수 있는 기회를 가지게 됐어요 참 좋은 전시에요
남편과 함께 와서 공감의 시간을 경험한것도 참 알찬시간이였습니다 재관람하고싶어요^^"
기분망쳤어요,"전 사실 원피스팬도 아니었고 아이둘이 너무 좋아해서 보여주려고 갔습니다~
여름방학 패키지가 있길래 성인2+청소년1 인 40,000원 패키지를 예매해서 갔는데 입구에서 청소년이 성인표로 입장이 안된다고 했어요~
 사실 거기까지는 그럴수있다했는데 그러면 성인2+청소년2인 49,000원 패키지를 끊고 들어가겠다고 했더니 그것마저 안된다고 하네요
그러면 4인패키지 예매해서 성인이 한명 못오는 상황이 되도 예매취소하고 입장권을 56,000으로 다시 끊고 들어가야한다는 건지???
여름방학 특집이라더니 무슨 성인위주로 돌아가나요? 성인이 청소년으로 끊어서 들어가겠다는것도 아니고요!!
아이들은 너무 기대하고 왔고 큰소리 내기 싫어서 다시 표끊어서 입장했는데 입장부터 얼마안되는 돈에 기분상했고 무엇보다 성인 20,000원이나 하는 전시회 퀄리티가 이것뿐이라니~ 
너무나 실망이네요~ 아이들은 재밌다고는했지만 다 보는데 15분 걸리네요~ 가성비 정말 먼일인가요~
네이버 블로거 보고 너무 좋다고 해서 갔는데 다 짜고하는판인가 보네요~~
예매사이트평점을 봤어야했네요~"
볼거리가 많아요,굉장히 창의적인 작품세계라 즐거웠습니다
북유럽 예술을 살펴볼 수 있는 기회,19C 이후 북유럽 미술에 대해 알아볼 수 있었습니다. 보통 왕족이니 귀족 등 상류층 중심으로 발전한 서남동유럽 미술과는 다르게 평민들의 모습이 담겨있는 북유럽 미술이 신선했습니다
계속 생각나는 전시,획기적이며 모던한 예술적인 감각이 돋보이는 이번 전시 꼭 보러가세요!!
마법여우 주비,6살 남아 너무 신나게 잘놀고갑니다!!^^
5살아이와 즐거운 데이트,좋은추억만들었어요~ 아주 즐거워하네요 ㅎㅎ
다양한 프로그램이 있어요,"36개월아이인데 아주 재미있게 활동했어요.
다소 공간이 협소하지만 아이는 즐거워했어요.
어른도 꼭 양말을 신는게 잘 이해는 안가요. 미끄럽지도 않아서요..ㅠ 그리고 칠교수업하시는 남자쌤 너무 영혼이 없으셨어요...ㅎㅎ"
교육적이고 활동적인 키카,"칠교놀이를 통한 놀이, 암벽타기, 칠교도형맞추기 등 다양한 놀이 체험 재미있었습니다~"
굳굳,굳굳굳굳굳굳굳구두 에전드|~~~
이용후기,"하비에르 카예하의 전시는 마치 거인국에 들어온 듯한 기분을 주는 독특한 경험이었어요.

?

전시장의 문을 열고 들어서는 순간, 그의 대표적인 큰 눈을 가진 캐릭터들이 반갑게 맞이해 주는데, 마치 동화 속 세상에 들어온 것 같은 느낌이 들었어요. 

?

단순하지만 그 안에 담긴 순수한 감정들이 살아 숨 쉬는 듯해요.

?

전시된 작품들은 다양한 매체와 크기로 구성되어 있는데, 마치 작은 세상에서 갑자기 커다란 세상으로 이동한 것처럼 스케일의 변화가 재미있었어요.

작품들은 모두 동심을 자극하는 따뜻함이 가득해서, 관람 내내 마음이 편안하고 즐거웠어요.

?

?

전시를 보고 나면, 거인국을 여행하다 돌아온 듯한 감동이 남아요. 일상의 소소한 순간들을 동화처럼 풀어낸 그의 작품들은 우리에게 다시금 순수함의 가치를 일깨워주는 것 같아요. 이 전시는 아이부터 어른까지 누구나 즐길 수 있는, 정말 특별한 경험이었어요.

?

아이가 있으신 분 추천합니다!"
프로그램을 알차게 구성했어요,프로그램이 알차지만 다소 좁은 환경이 아쉽습니다. 그리고 어른들은 양말이 왜 착용이 의무인지 모르겠어요. 그냥 규정이라고 하시는데 바닥이 미끄럽지도 않고 딱히 이유도 모르겠어요.선생님들이 여기저기 계셔서 좋았어요!
체험은,할만했고 전시가 조금 부족했지만 재미있었습니다
전시 좋았어요,스토리텔링도 좋고 기억에 남네요.
6세 여아 즐겁게 놀았어요.,"공간이 넓지는 않지만 인원수 제한이 있기에 붐비지않게 2시간 놀기에 충분하고 컬링, 칠교 같은 다른 키카에는 없는 놀잇감이 있어서 좋아요. 안전을 위해 위험할만한 곳에는 관리요원이 상주해 계시고 아이들을 친근하게 봐주셔서 좋았어요."
너무 좋네요,"칠교수업도 좋고 놀거리도 많네요
아이 둘이랑 잘 놀고갑니다^^"
너무 좋네요,"아이 둘이랑 너무 잘 놀았어요!  
또 올수있음 오려구요!"
얼리버드 예매,고양이도 좋하하고 작품들도 끌림이네요. 기대되는 전시이고 얼리버드로 예매해서 좋아요!
아소비 다니는 딸,"아소비 다니는 저희 딸이 너무 좋아했네요.

다양한 구성과 직원분들의 케어,

주비와의 포토 타임

즐겁고 유익한 시간이었습니다."
관람후기,관람인원도 너무 많고 유화작품이나 드로잉보다 판화작품이 더 많아서 조금 실망했습니다.
동물병원의사 체험,아이가 너무 좋아하네요~
마술체험,아이가 너무 좋아하네요~
치과의사체험,아이가 너무 좋아하네요~
마술체험,아이가 너무 좋아하네요~
119체험,아이가 너무 좋아하네요~
1190체금,아이가 너무좋아했어요~
35개월아이가 놀기 딱 좋아요,"공간이 곳곳에 알차기 구성되어있고 무엇보다 안전요원분들이많으셔서 아이들이 안심하고 놀기좋네요~ 

 4살 7살 잘놀고가요"
색다른 전시를 경험하세요 추천입니다.,"고전 조각 시리즈를 시작으로 포켓몬과의 협업, 
색다른 작품들을 만나볼 수 있었어요.
유물 발굴 현장을 재현한 대형 설치 작업까지 확인할 수 있었습니다.
지금까지 보지 못한 색다른 스타일의 전시를 볼 수 있었어요.
정말 스케일이 다르다는 느낌을 받았습니다."
과거도 현재도 미래엔 모두 고전이다!,"백화점 피서가 제격인 한여름,

사실 진짜 문화 피서로 최고는 전시관람이죠.

쇼핑, 영화뿐만 아니라 맛있는 커피도 한 곳에서

휴관도 매월 하루 정도인 롯데뮤지엄~

특히 다니엘 아샴:서울 3024 전은 더더욱 추천입니다.

자칭 상상의 고고학(fictional archaeology),

다양한 지질학적 소재로 한 시각의 발굴화랄까

전시장에 들어서고 슬쩍 둘러보기만 해도

그의 남다른 감각과 컨셉을 바로 인정하게 됩니다.

무엇보다 매일 3번 운영되는 도슨트를 놓치지 마시길!"
천천히 생각을 곱씹은 전시,"우리의 인생관과 
더불어 살아가는 서로를 향한 사랑,포용
깊은 생각을 하게되는 깊은 전시"
아이들과 즐거웠어요~~,"아이들 체험할수있는 준비를 해주셔서
즐거운 전시관람이 되었습니다"
키티,키티 포토존이 적어서 조금 아쉬웠지만 너무 알찼어요ㅠ
오감으로 느낀 팀보타전시!,"팀보타 전시는 이미 전시좀 안다고 하는 사람들 사이에선 유명하죠!
역시나 이번 전시도 만족이었습니당
윤하님이 참여하셔서 어떤 시너지가 나올까 궁금해 바로 달려갔어요!
웅장한 노래,  향, 시각적인 효과로 입장하자마자 집중 시켜버리는 ... ㅎㅎ
그리구 주차가능한거 너무 큰 장점....서울숲은 주차난인데... 
도심에서 숲을 느끼게 해준 아림의 시간 너무 잘봤습니당! 또 방문할께요 오래오래 해주세요 !!"
아이와 가볼 만한 곳,색을 과학적으로 표현한 예술 아이가 새로운 빛을 보고 빛이 어떻게 이렇게 작품이 되었는지될수 있는 지에 대해 보고 느끼고 알수 있어서 좋은 시간 보냈습니다.
상상의 고고학이 구현한 서울3024 모습,"이 전시는 3024년에 ''발굴된 미래'' 즉, 미래 서울의 모습을 그려냈는데요. 작가의 놀라운 상상력으로 재창조해낸보기 드문 미래지향적 전시였어요.확실히 현대미술의 맛은 작가가 새로운 세계로인도하는 그 즐거움이 한 몫하는 것 같습니다.고전 조각상과 애니메이션 캐릭터의 조합은본 전시의 메인 테마인데요.가장 인기 있는 작품이 아닐까 싶어요.?2024년 찰나의 현재를 살며 삶의 의미를크게 부여할 수 있었던 소중한 시간이었습니다. 초대권을 받아 관람하였고, 이글은 주관적 견해로 작성했습니다."
윤하의 20년을 보다,소녀를 팬으로쫓아가는 시점을 윤하로 보고 생각하면윤하의 스토리로 감상할 수 있어요
최고였습니다,열정어린 해설로 정말 의미있고 좋은 시간이었습니다. 해설사님 넘 감사해요!
다니엘 아샴: 서울3024,그래서 다니엘 아샴이 만든 ‘상상의 고고학’이라는특별한 개념이 정말 독창적이라 느껴졌고요.&#8203;지금 우리가 사는 현재도 언젠가는 미래의 유물이 될 거라는 생각을 하니순간순간이 조금 더 소중하게 느껴지는 부분이 있었답니다.&#8203;우리가 살아가는 이 시대도 언젠가 역사의 한 페이지가 될 테니까요.
새로운경험,"아이가 처음 키자니아를 방문했어요
새롭고 처음하는 직업체험이라 엄마인 저도
너무 흥미로웠습니다 올해 6살,
내년에는 잠실점으로 방문해서 
더 다양한 체험을 해보고싶어요"
새로운 경험,"아이가 처음 키자니아를 방문했어요
새롭고 처음하는 직업체험이라 엄마인 저도
너무 흥미로웠습니다 올해 6살,
내년에는 잠실점으로 방문해서 
더 다양한 체험을 해보고싶어요"
새로운 경험,"아이가 처음 키자니아를 방문했어요
새롭고 처음하는 직업체험이라 엄마인 저도
너무 흥미로웠습니다 올해 6살,
내년에는 잠실점으로 방문해서 
더 다양한 체험을 해보고싶어요"
부산 클림트 전시,화가의 인생과 작품을 한눈에 쉽게 알수 있게 전시햐서 아이와 함께 보기에 넘 좋았음
천년 뒤 미래는 어떤 모습일까,"전시가 어렵지 않아서 이 더운 여름방학에 초등 아들과 편하게 관람하기 좋네요
포켓몬스터 <시간의 파문>이 다니엘 아샴 합작이었다니. 전시회를 보고 영화 보니 다니엘 아샴의 작품이 잘 보이네요!
만화에도 출연했다는 놀라운 사실도 확인했다. 
그리고 마지막 퓨처 스테이지 영상은 몽환적으로 계속 보게 된다."
운영서비스 개선 시급,"네이버로 티켓구매하였으나, 마감시간 제한으로 사용하지 못해 리뷰 남기기가 불가하여 이곳에라도 몇 글자 올립니다. (인터파크는 별도 안내가 잘 되어있네요)

이전부터 너무 기대하던 전시였고, 오는길에 예매를 했습니다.
오늘밖에 시간이 되지않아 기대에 부푼 마음으로 무더위를 견디며 예술의 전당에 2시간 걸려 도착했습니다.

네이버 예약으로 진행하였는데, 예약 시에는 티켓사용제한에 대한 별도의 팝업 안내가 없었고, 예매전 반드시 확인하세요! 부분에는 입장제한시간이 기재되어있지 않았습니다.

18:17에 도착하여 부랴부랴 전시장을 향해 갔는데, 입장마감이 된 상황임을 확인했습니다. (입장마감시간 18:10)

저희가 네이버 예약으로 확인한 관란마감시간이 오후 7시여서 주요 전시만이라도 보고싶은 마음에 문의를 드렸습니다.

하지만 돌아온것은 입장제한시간을 확인하지 않았냐는 면박뿐이었습니다.

특히, 남성직원분께서는 “모르셨어요?” 라며 상대방에게 무안함을 유발할 수 있는 태도로 응대하셨습니다.

오히려 다른 직원께서 어떠한 사유로 입장이 되지 않는지에 대해 친절히 설명해주셔서 그나마 납득을 하였고, 아쉬움을 달랠 수 있었습니다.

입장도 못하고, 티켓 환불도 받지 못하는 상황에서 무례함까지 감당할 이유는 없다고 생각합니다.

관람객 입장에서 입장마감 시간을 인지해야한다는 것은 일부 인정하지만 (이와 같은 주요 공지는 예약 페이지에서도 확인이 쉽도록 해야한다고 생각합니다), 
귀사 직원의 서비스 응대는 개선이 필요하다고 생각합니다. (타 전시 및 공연의 경우 리마인드 안내문자를 보내주는 경우가 다수 있습니다)

네이버 예약으로 예약하시는 분들께서는 입장마감시간 잘 확인하시어 저와 같은 사례가 없으시길 바랍니다."
너무 알차고 잼있어요!!!,너무 재밋었습니다!!!^^
아이가 좋아해요~,미취학아이랑 갔는데 구경거리도 많고 오락실도 있어서 잘놀았어요
정말 좋은 전시,"무엇보다도 느끼는 바가 큰 전시인것같아요
모두에게 추천드립니다. 
엽서도 쓰고 너무 재밌는 시간이였어요"
추천해요??,"무엇보다 느끼는 점이 많은 전시인것 같아요
마음이 평안해집니다
다음에도 또 오고싶어요"
재밌는 전시와 도슨트,운 좋게 간 날에 도슨트를 큐레이터님이 해주셨는데 덕분에 여러 이야기를 들으며 훨씬 흥미롭게 관람했다.
아쉬운 전시,"뭐 논란은 차치하고라도..  그림에 집중이 안되는 동선, 관객 수 컨트롤 안되고.. 설명도 글씨도 부족하고 애매한 전시였음. 뷔페 전이 훨씬 나았다."
눈물줄줄,알고있었지만 애써 외면하고있던 내면을 마주하는 시간이었습니다
찐팬 감상입니다.,"팀보타 전시는 이번이 네 번째 방문입니다. 팬으로서의 감상입니다.

이번에는 전시장에 입장하자마자 숲 향이 훅하고 느껴졌습니다. 빌딩숲에서 진짜 숲 향을 맡을 수 있다니 이것만으로도 흔치 않은 경험입니다.

저는 슬리퍼로 갈아신었는데, 바닥에 깔린 나무껍질들을 밟는 느낌이 숲을 거니는 느낌이었습니다.
건조된 나무들이 많은데 공기청정기를 잘 활용하는 것 같아 숨쉬기가 편했습니다. 

음악은 윤하가 디렉팅했다고 하는데 역시 믿고 듣는 윤하! 기존에 발매된 음악을 사서 쓰는 게 아니라, 이 전시만을 위해 만들어진 음악이다보니 관마다 음악을 통한 몰입도가 굉장히 컸습니다. 

팀보타하면 역시 서사죠. 소녀가 자신의 이미지를 찾아가는 줄거리를 따라가다보면 관객으로서 하나의 잘 만든 리듬 게임의 주인공처럼 느껴져서 공감이 됩니다. 

그리고 명암. 팀보타 전시는 빛을 잘 쓰기로 유명합니다. 이번에는 관객에게 미디어아트의 실험적이고 도전적인 느낌을 주기보다는, 관객이 자연물로서의 인공물과 직접 교감하도록 디자인된 것 같습니다. 

전시 기간이 길다는 것은 큰 장점입니다. 한여름의 전시 경험과 가을말의 전시 경험은 분명 다를테니까요. 전시 내용도 중간에 조금씩 변주가 될텐데, 다음 방문이 벌써부터 기대가 되네요."
오랜만에 보는 신선한 전시,"다니엘 아샴이라는 작가는 처음 들어보아 생소했는데, 굉장히 신선한 작품들이 선보여져 보는 재미가 쏠쏠했습니다. 큰 기획 전시 답게 작품 수도 많고 장소에서 새로운 장소를 가는 길도 하나의 전시 처럼 연출해 놓은 점도 너무 마음에 들었어요. 제가 포켓몬스터를 좋아해서 특히 포켓몬스터 전시는.. 정말 좋았습니다 ^^!"
역시 아소비!!!,"더운 여름, 시원한 장소찾다가 선택한 브로콜리 숲속 놀이터!  안전하게 꾸며진 공간이라 아이가 엄청 신나게 뛰어 놀았어요. 에어바운스, 볼풀장,  컬링, 칠교까지 왔다갔다하면서 제대로 놀다갑니다!!"
재미있어요,작지만 알차요
프랑스사진전,프랑스사진 전시회 관람 좋았습니다
이 전시를 돈받고...?,"관객이 별로없다는 장점 빼고는
서울시에서 지하 공간에 조성할 법한 수준의
공간을 이만원 넘게 주고 봐야함
볼것도 없고 테라피움 퀄리티 외곽에 있는 전원 음식점에 장식 수준
무상이나 오천원이면 모를까
오디오 가이드도 ..... 이걸...? 
후기 안남기는데 가기 전에 누군가 도움이 됐으면 해서남깁니다. 프로듀싱 능력을 더 키우고 나서 돈받는 전시해야할듯
거기에 주차비까지 따로"
쏘쏘,쏘쏘해요. 듣다보면 내가 왜 술의 역사를 듣고있는지 현타와요
오늘거 급  매 2장,"에드바르 뭉크 비욘드 더 스크림 티켓2장



예술의전당에서하는 전시회
8/10일 오늘입장권이에요
몸이안좋아 못가게되서요


두장에 12000원


영일영 팔사일오 1004"
미술 역사를 한 눈에 담아 보았다.,중학생 여름방학 역사 숙제로 전시회 다녀오기가 있었는데 마침 딱 서양 미술 800년전을 더 현대에서 한다고 해서 갔다. 올해 여름은 무더위가 너무 심해서 아니나 다를까 더 현대에도 사람이 많았고 전시회도 사람이 많았다. 전시회 구성을 보았을 때 정말 역사를 보기 싶게 그리고 그림 감상도 할 수 있게 되어 있어서 아이 숙제로 인해서 우리가족은 좋은 시간을 보내게 되었다. 덥다고 사람들이 많다고 불평 불만만 하지 말고 다른 시간에 다른 즐길 거리를 찾으면서 힘든것도 극복해 나가는 현명한 사람이 된것 같았다.
재밌어용,예매해서 간 보람이 있어요 넘 재밌었어요 또 관람하고싶어요
아이와 함께 오시길..,"방학을 맞아 아이들과 온 사진전..
예상했던대로 울림을 주는 시간이었네요..
곧 우리의 일이 될 수 있기에..
더 늦기 전에 작은 실천이라도 시작해야겠다고 아이들과 다짐했네요.
꼭 와보세요^^"
너무 재밌어요 ㅠㅠ,진짜 가성비 짱짱???? 너무 재밌게 잘봤습니다 ! 아이가 너무 참여도 잘할수있게 끌어주시고 저도 집중해서 볼수있었어요 ㅋㅋㅋ
인상적인 판화들,뭉크의 인생후반의 작품이 전시되어 있었다. 그의 내면의 불안이 작품에 잘 녹아 있어서 새삼 인간의 불안에 대하여 많은 생각을 하게 하는 시간이었다. 이 전시를 통해 판화의 매력을 또 한번 만날 수 있었다. 판화에 색채를 입히는 대로 다양한 느낌이 표현되어 있는 작품들을 보면서 색에 대해서도 다양한 조망을 해 볼 수 있었다.
공주님들의 티니핑 뮤지컬??,"아이가 너무 좋아하는 티니핑이 뮤지컬로 한다길래 왔어요!
주차도 편하고 좋네요??"
숲속놀이터 방문,"방학이라서 아이 대리고 방문했는데 너무
좋네요~^^ 아이가 놀기에 적합한 장소인거
같습니다."
아이가 너무 좋아했어요,"아기자기하게 꾸며져있어서 아이가 너무 좋아했어요
칠교 수업도 좋았고 안전한지 봐주시는 직원분들도 있어서 좋았습니다"
너무 너무 좋아요,"이런 전시 진짜 오랜만에 보는데 너무 좋고
음악도 딱 어울려서 진짜 거의 2시간 넘게 있었던 것 같아요!! 혼자 가기도 너무 편합니당
스크린만 있는게 아니라 안에 여러가지 많아서 즐겁게 시간 보냈어요!
시간 되면 꼭 가시는 걸 추천 드립니다~!"
뭉크를 느끼다,"뭉크가 어떠한 마음으로 그림을 그렸는지, 잘 나타나는 전시였습니다! 절규, 마돈나, 키스등 작품들도 꽤나 훌륭했기 때문에 간만에 흥미로운 전시였습니다!"
뭉크를 느끼다,"뭉크가 어떠한 마음으로 그림을 그렸는지, 잘 나타나는 전시였습니다! 절규, 마돈나, 키스등 작품들도 꽤나 훌륭했기 때문에 간만에 흥미로운 전시였습니다!"
상상의 고고학,이번에 본 전시는 미래유물발굴전이라는 제목의 전시였는데요.다니엘 아샴이란 작가는 처음 들어봤지만 믿고보는 롯데 뮤지엄 전시라서 보게되었답니다.전시장 전체를 고고발굴현장과 같은 느낌으로 꾸며놔서 매우 흥미로웠구요.다양한 시간성을 한 작품에서 느낄 수 있어서 재미있었습니다. 만약 먼 미래의 사람들이 지금 현재의 사람들이 쓰는 물건들을 보고 유물로 생각할 수 있겠다라는 생각을 하니 지금 현실의 시간 하나하나가 얼마나 소중한지를 다시한번 느낄 수 있었던 시간이었습니다.중간에 포켓몬스터 작품은 아이들과 함께보면 좋을 것 같다라는 생각이 들더라구요.무더운 여름 더위를 피해 갈 곳으로 딱 좋았습니다.
베르나르 뷔페전 최고??,"베르나르 뷔페라는 화가의 생애와 작품을 쫙 훑어보면서 온몸에 전율이 돋았다. 그의 생과 작품관을 집중해서 볼 수 있어 좋았고, 전시 공간 곳곳에 쓰인 문구들이 전시의 분위기를 한층 높여주는 느낌이었다. 보람찬 여름 전시 관람이어서 오래 기억될 것 같다."
베르나르뷔페전,전시 관람과 도슨트의 해설을 통해 화가와 화가의 그림에 대해  자세히 알게 되었으며 강한 여운을 남기는 전시회였다. 주변에도 권하고 싶은 전시였다.
유니크한 전시,개성있는 인상파 화가들의 작품을 예술적으로 재해석한 공간들로 작품들을 더 가까이 느낄 수 있어서 좋았어요. 인상파 화가들의 예술을 색다르게 즐기고 싶은 분들에게 추천해요!
나름 괜찮았어요,나름 괜찮기는 한데... 꼽자면 전시 된 것들이 많이 없어서 일찍 끝나게 되더라고요. 그리고 나중에 기념품 샵은 터무니 없는 가격이랄까? 좀 많이 비쌌어요. 그래도 뚱이는 무척이나 귀여웠답니다 잘 봤어요
과학과 예술의 만남,"베네수엘라 시몬 볼리바르 국제공항에 들어서면 가장 먼저 인증샷을 찍는 포토스팟이 있다고 한다. 바로 크루즈 디에즈의 작품으로 바닥을 장식한 공간이다. 그만큼 베네수엘라를 대표하는 작가로 알려진 크루즈 디에즈.

단순히 빛을 그림의 한 부분이 아닌 빛을 작품 그 자체로 만든 크루즈 디에즈는 프랑스로 넘어가 작품활동을 할 당시에도 파리지앵에게도 센세이션한 작가였다. 어렸을때부터 노을이 질때 색의 미묘하게 변하는 모습을 관찰하며 호기심을 키워왔다는 작가는 사람이 눈이 색을 인지하는 원리를 이용한 작품으로 현대미술에 혁신을 가져왔다.


크루즈 디에즈 탄생 100주년을 기념하는 특별전인 만큼 작가의 발자취를 자세히 읽어보는 것도 이번 전시의 의미와 부합하지 않을까 싶다."
사랑스러운 전시,"너무도 사랑스럽고 귀여워서 절로 행복해지는 전시였어요~
아이들과 기분 좋은 관람하고 힐링했어요~~"
만원의 행복 역사여행,"저녁시간이 무색하게 체감온도 32도 역대급 열대야속에서 연신 부채질을 쉴수가없었던 2시간동안  오금순 강사님은 이마에서부터 목까지 맺혀있는 땀방울 닦을새도 없이 열정적인 대한제국 역사해설에 숙연해지는 밤이었습니다~
수고많으셨고 소중한시간 감사했습니다~!"
화려하고 예쁜 빛을 사용한 작품과 bgm까지 엄청 만족했습니다.,저는 화요일 16시에 방문했더니 저희 포함 5팀 정도라 여유롭게 사진 찍을 수 있어서 좋았습니다.총 전시 관람 시간은 1시간 30분 ~ 2시간 정도 걸렸습니다.파리의 휴일 전시는 짧게 보고 지나치기에는 작품을 오로지 감상하실 수 없을 것이라 생각합니다.재해석한 작품들이 엄청 예뻐서 두 번 세 번 다시 보게 되는 작품이 있었습니다. 그래서 꼭 사람이 없는 시간대에 다녀오시길 추천합니다.
너무 좋았습니다!,2시 도슨트 설명 듣고 그림 보고 1시간은 오디오 가이드 들으면서 다시 봤어요. 도슨트분 설명 귀에 쏙쏙 들어 왔고 그림 감상에 도움 되었습니다. 강렬한 색상과 스토리 극적입니다.
와인 하이볼 따라 음악 따라,"2024 라움 하이볼 & 와인 페스타에 다녀왔습니다. 이번 행사는 라움아트센터에서 열려 기대가 매우 컸어요.라움아트센터에 도착하자마자 느껴지는 고급스러운 분위기가 인상적이었어요. 입구에서 티켓을 수령하고, 주변을 둘러보니 입구 근처에는 공연장이 마련되어 있고, 플래터도 보였습니다.가든을 중심으로 양쪽에 와인과 하이볼을 시음할 수 있는 부스들이 자리잡고 있었어요. 역시나 라움아트센터의 정원은 정말 아름다웠습니다.행사의 주류는 와인과 샴페인이었고, 니트로 마실 수 있는 위스키와 여름에 어울리는 상큼한 하이볼도 준비되어 있었어요. 와인과 하이볼 부스와 공연장이 분리되어 있어, 시음에 집중하기 좋았습니다. 시음 잔을 들고 공연을 관람하는 것도 큰 무리가 없었어요.먼저 와인과 위스키 부스를 한 바퀴 돌고, 첫 잔으로는 부쉬밀 12년 니트로 시작했습니다. 가성비가 좋은 부쉬밀이죠. 두 번째 잔은 테킬라 1800 크리스탈리노를 샷으로 마셔보았는데, 역시 테킬라 특유의 향이 인상적이었어요.오후 2시, 라움의 정원에서 피아노 트리오 공연을 관람했습니다. 햇볕이 정원과 정말 잘 어울리더군요. 공연 후에는 부스로 돌아와 룰렛 이벤트에 참여해 코스터에 당첨되기도 했습니다.이번에는 와인과 샴페인 시음 부스로 이동했습니다. 설명해 주시는 분이 와이너리를 직접 방문하고, 와인과 샴페인에 대해 깊이 있는 설명을 해주셔서 매우 인상적이었어요. 여러 부스 중 가장 기억에 남는 부스였죠.날씨가 더운 낮이라 취기가 빨리 오르는 것 같아 조심했습니다. 다행히 그늘 아래는 시원하고 쾌적했어요.이번에는 뮤지컬 듀오의 공연을 관람했습니다. 익숙한 노래도 들리고, 즐거운 시간이었어요. 그리고 다시 시음을 시작했는데, 이번에는 시트러스 향이 돋보이는 진과 럼 베이스의 하이볼을 즐겼습니다. 특히 플랜테이션은 집에서 샷으로 마시곤 했는데, 하이볼로 마셔도 정말 좋더군요.이어 전자현악 그룹 디오네의 공연도 관람했는데, 와인과 정말 잘 어울리는 공연이었어요. 진행도 매끄럽게 잘 되어서 더욱 즐거웠습니다. 실내 공연장은 테이블 구매자와 플래터, 와인 구매자가 앉을 수 있었는데, 데이트를 즐기기에 최적의 분위기였어요. 너무 붐비지 않아 여유로웠던 점도 좋았습니다.마지막 잔으로 부쉬밀 하이볼을 마시며 행사를 마무리했습니다. 오후 10시까지 모든 공연을 보지 못해 아쉬움이 남았지만, 와인과 함께한 색다른 페스타는 참 즐거웠습니다. 다만, 술의 종류가 조금 더 다양하고, 무료 시음이 더 많았으면 하는 바람이 있네요. 내년에는 티켓 가격을 조금 올리고, 가든에서 바로 구워주는 바비큐와 함께하는 페스타도 기대해봅니다.좋은 공연과 좋은 술을 만끽할 수 있었던 2024 라움 하이볼 & 와인 페스타, 내년 행사가 더욱 기대되는 행사였습니다."
유머가 넘치는 전시,기존의 전시와는 다르게 설치된 조형물과 작품들이 위트가 있어서 관람하는 동안 참여하는 느낌이 들어가 좋았습니다.
서양미술,"서양미술 800년
종교색이 짙은 단일적 화풍이 19세기 표현주의 경향으로 변화하는 과정이 재미 있었다.
신이 아닌 인간중심의 시대가ㅈ돈것이다."
불친절,아래 후기와 굉장한 공감.
여름방학 최고의 데이트,초등 아들과 여름방학 최고의 데이트가 되었어요! 다소 많은 인원이었는데도 열정적으로 설명해주신 도슨트 해설가님 덕분에 더욱 알찬 전시였던거 같아요.
하비에르카예하 특별전 재미났어요,"전시장 입장하자마자 작품에 쓰여있던 한글을 보니 한국의 관객들을 존중하고 배려하는 작가의 마음이 느껴져서 시작 전부터 이미 마음이 따뜻해졌습니다예술이 별건가요~보고 즐거우면 그만이지그런 의미에서 온 가족이 같이 하기 참 좋은 전시였고 실제로 아이들과 같이 온 분들이 많아서 보기 좋더라구요그림 외에도 입체적인 조형물도 다양해서 보는 맛이 있었습니다현재 하비에르의 작품은 세계 미술시장에서 늘 새롭게 경매가를 갱신하며 팔리고 있고, 다양한 글로벌 브랜드 들의 콜라보로 미술계의 슈퍼스타로 떠올랐다고 합니다&#8203;이번 여름 미술계의 슈퍼스타를 만나보는 건 어떠신지 ㅎㅎㅎ더운 여름 한가람 미술관에서 보낸 시간이 최고의 피서였습니다"
진짜진짜너무재밌어허용!!!,"친구들이랑 갔는데 어쩔수 없이 맨앞선것ㅠㅠㅠ
다른 가족분들이랑 팀 짜서 갔는데 서로 밀치고 잡아당기고 날리나서 너무 웃기고 재밌었어요! 진짜 그리고 배우분들 너무 연기를 잘해요...
특히 토미에 소이치..!?????? 토미에 진짜 너무너무 예뻐요... 소이두 누무 귀엽고..! 친구가 너무 짧았다 했는데 맨앞인 저는 너무 길게 느껴진것 같네요???? 진짜 강추!! 너무 재밌었어요!"
전시 좋네요.,전시 작품도 의미도 참 좋았습니다. 공간도 미로같고 작품수가 어마어마하던데 작가명을 적어두지 않은 의도도 좋았네요. 솔비씨 작품 특히 잘봤음요.
뭉크전시회,에드바르 뭉크 전시회를 관람하러 수원에서 예술의 전당으로가는 길이 막히지 않고 사람들도 많지않아서편하게 관람했다.뭉크작품은 절규만 알고 있었는데 다양한 기법의 판화  알게 되었다.친구들과 함께 관람했는데 모두 좋았다는 평이다.
재미있게봤어요,이상한나라앨리스는 어린 4살아이에게 책으로만 보다 이해도를 높여주고싶어서 신청하고 보게되었는데 아이가 바이올린을 배우고 있어서 좋아하는 오케스트라음악과 책에서만보던 서커스도 알려주며 보고 탭댄스를 처음 본 아이는 열광했답니다 3D로 공연한다고해서 궁금했는데 넘 신선했고 재미있었어요 어린 유아뿐 아니라 공연이라고는 질색팔색하는 남편도 재미있게 보아놔서 가족뮤지컬로 완죤 좋았어요
<컨페션 투 디 어스>  사진전 강추!!!,"사진 자체 느낌이 너무 좋은데
이병헌 배우의 설명 들으면서 감상하다 보면
가슴이 먹먹해지는 전시입니다.
많이 알려져서 만날 수 있기를 바라고 추천하고 싶습니다."
덕수궁 월야야행 ��오,"지인들에게 추천하는 재미난 해설
여름방학 뜻깊은 밤이에요"
젊은 작가들의 작품 볼 수 있어 너무 좋았어여! 또 올거에요!,우연히 미술하는 분의 추천으로 가게되었는데 아이와 저와 좋은 기회였어여! 젊은 작가분들의 다양한 예술기법과 작품성에 놀라고 그 안에 숨어있는 작가의 소리도 들을 수 있어서 너무 좋았습니다! 멀지도 않고 금방 갈 수 있는 이 곳을 이제서야 알게되어 늦었지만 내 년에도 또 가려구여!  많이들 보러오셨으면 합니다!!!
내 년에도 또 오려구여! 젊은 작가들의 멋진 작품 너무 최고입니다!,우연히 미술하는 분의 추천으로 가게되었는데 아이와 저와 좋은 기회였어여! 젊은 작가분들의 다양한 예술기법과 작품성에 놀라고 그 안에 숨어있는 작가의 소리도 들을 수 있어서 너무 좋았습니다! 멀지도 않고 금방 갈 수 있는 이 곳을 이제서야 알게되어 늦었지만 내 년에도 또 가려구여!  많이들 보러오셨으면 합니다!!!
헬로키티 50주년 전시 최고,"키티를 평소 좋아했지만 이렇게 자세한 정보는 처음 알았어요! 키티에 조금 더 가까워진 느낌이고, 아기자기한걱 많아서 너무 행복해요!!
천천히 하나하나 다 둘러보니까 시간도 금방 가 있고 귀여운 포토존도 많아서 10% 할인받은 인당 \18,000이 아깝지 않았어요!!"
즐거웠어요,체험이 몇가지 없어도  유익한 시간이었어요 내년에도 한다면 또 체험할 생각입니다.
아이들과 관람,"아이들 데리고, 관람했는데 재미있게 봤습니다.
사진도 찍을수 있어서 좋았네요"
2호선 세입자,"아이들 포함 가족 전원이 재미있게 보고 나왔습니다.
시간이 금방 지나버려 아쉬움도 조금 남더군요.
가음에 또 기획되면, 여라 장르의 연극을 보려고 생각중입니다."
뻑전시회,내용 알차고 여러 연예인들 유명 인플루언서분들 작품 볼수 있어서 좋았어요
입체감 있는 캐릭터 전시회,동심으로 돌아가서 귀여운 캐릭터 큰 눈망울이 인상적이었어요 일반적인 전시와 다르게 벽을 허물고 체험공간도 있고 작가의 뜻을 알면 더 이해하기 쉬울 초현실주의 같은 현대 미술
낭만적인 파리를 경험해볼수 있는  미디어아트,"실제 파리의 낭만을 경험해볼수 있도록 다양한 인터랙티브 미디어 아트 체험형 전시로 포토존도 많고 르느와르, 카유보트 ,마네, 조르주쇠라의 그림들을 몇편 만나볼수 있습니다. 신선한 전시 기획 아이디어로 모네의 그림속 숲속 경험도 하고 비오는 파리 분위기, 카페등 좋았습니다"
가식적이고 딱딱한 현대미술은 가라!,예술의 본질은 꼭 난해할 필요는 없다! 는 하비에르 카예하의 평소 신념이 느껴지는 전시였습니다. 틈틈이 보이는 까만 고양이를 찾는 재미도 있습니다. 관람시간이 길지 않아 방학을 맞은 아이들과 함께 둘러보시길 추천합니다!
재밌게 놀다 왔어요,사람이 많지 않고 아이들이 놀때 옆에 선생님들이 돌봐주시고 놀아주셔서 엄마들이 많이 기운빼지 않고 놀 수 있었어요 감사합니다????
즐겁게 놀 수 있어요.,"49개월 아이 데리고 놀기에 딱이에요.
미취학 아동들이 즐겁게 놀 수 있게 꾸며져있고
규모가 엄청 크지않아서 아이들이 노는 모습이 한눈에 들어와서 좋습니다.
거기다 각 코너마다 안전도 살펴주시는 선생님들이 계셔서 좋네요."
재미있어요~,공간이 많이 크지 않지만 놀거리 많네요~중간중간에 선생님들이 계셔서 더 안전해요~ 5살 아들이 땀이 흘리면서 엄청 잘 놀았어요~^^
온가족 함께 문화생활로 굿,"아이와 온가족이 다 너무 좋아합니다 
또 오고싶어요"
삶의 휴식,"도슨트진행도 좋았고 바쁜요즘  너무나 휴식같은 전시였다

주차장에서 전시장가는길은 찾기 힘들었지만

너무 좋았던 전시였음"
광진구 브로콜리 숲속놀이터 좋아요,"아이들이 안전하게 놀이를 즐길수 있도록 꾸며져있네요. 거의 다 경험 했을 즈음에 미션 종이로 아이들과 퍼즐 조각 미션과 캐릭터 이름 찾기로 즐겁게 마무리 할 수있네요.
제일 좋은건 아이들 뛰어놀때 위험요소가 없다는게 너무좋고 둥간중간 배치 되어있는 선생님이 엄청 잘 놀아줘요(특히 볼풀장에있는 선생님) 마치 얼집 선생님같을 정도로 잘 해주세요^^"
너무 좋아요 힐링 그자체네요,아이랑 같이 왔는데 아이도 넘  좋아했구요~~ 도슨트도 너무 도움됐습니다
3024 미래 서울,"롯데월드타워에서 전시중인 다니엘 아샴 : 서울 3024 발굴된 미래 전시에 다녀왔어요. 찾아가기는 조금 어려웠는데 열심히 찾아갔답니다. 입장하면서 초콜렛을 받아 기분이 좋았어요.

볼거리가 많은 전시라서 재미있었어요. 소재부터가 독특하다 생각했어요. 만약 3024년에 우리나라 서울에 온다면 어떤 과거를 발굴할 수 있을까라는 주제로 만든 작품들이에요. 얼핏보면 마치 중세시대 조각상처럼 보이는데, 대부분 애니메이션 인물이나 캐릭터들을 조각으로 만들었어요. 조각상들은 오래되어 부서졌는데 부서진 자리에는 석영같은 게 꽂혀있어요. 제목에 서울이 들어가기 때문인지, 우리나라 북한산에서 본 모습도 있어요. 우리나라 관련된 작품이 더 많았으면 하는 욕심이 드네요. 포켓몬 캐릭터도 참 많이 등장해요. 포켓몬 카드도 석고상으로 만들어서 구체적으로 튀어나온 모습을 보여주고 있어요. 색다르고 참신한 모습이 정말 신기할 따름입니다.

창의력 넘치는 작품을 보면서 지루해할 틈이 없습니다. 직접 유물들을 보면서 그림으로 그려보는 곳도 있어요. 아이들이 함께 가면 정말 재밌게 그릴 수 있을 것 같습니다. 직접 고고학자가 되어서 탐구해보고 작품을 그려보는 시간을 가질 수 있거든요. 마지막은 영상으로 시간의 흐름을 볼 수 있답니다. 이제까지 보던 전시와는 달라서 흥미로운 전시였어요."
아이가 너무 좋아해요,원피스를 좋아하는 아이와 어른 모두 만족! 대만족! 할 만한 전시입니다.다녀온지 일주일이 되었는데도 여운이 남네요.아주 넓은 공간은 아니지만 곳곳을 알차게 멋있게 메워주셔서 너무 좋았습니다.최고입니다!!!!!
너무 좋았어요,아이들을 위한 해설부터 궁에 대한 얘기와 역사를 너무 쉽게 설명해주셔서 귀에 쏙쏙 들어오는 투어 였습니다 다음에 또 하고 싶어요
아이와 함께가기 좋아요,"미취학아이들 놀기에 좋아보입니다 
평일에 오니 사람이 그렇게많지않아서 잘 놀고갑니다 
선생님들이 섹션별로 계셔서 아이와 함께 잘 놀아주셔서 감사했어요 ^^"
아이와 함께가기 좋아요,"미취학아이들 놀기에 좋아보입니다 
평일에 오니 사람이 그렇게많지않아서 잘 놀고갑니다 
선생님들이 섹션별로 계셔서 아이와 함께 잘 놀아주셔서 감사했어요 ^^"
그냥 그래요,그림이나 조형물이 귀엽고 눈길을 끌긴 한데...가격 대비해서 작품수가 너무 적네요...sns 인증샷 찍기는 좋습니다.
미술작품 독특한 체험,"도슨트 설명을 통해 작가와 작품에 대해 감상하고,
디지털을 활용한 체험이 독특하였음"
프란스 란팅,생물다양성을 확실히 알게 되었습니다~~~
내용에서 조금 실망스러웠어요,작품들은 모두 좋았습니다. 전시내용이 실망스러웠어요. 서사가 있는 전시였으면 좋겠습니다.
아이가 좋아했어요.,"제주에 있는 키티아일랜드도 홍대에 있는 산리오카페도 일본에 있는 산리오도 가본7세 여아라 안좋아할 줄 알았더니,어른은 다소 실망스럽지만 아이는 엄청 좋아했습니다.여아의 부모들이라면 한번쯤 가보셔도 좋을 것 같아요."
여자친구와 재밌게 즐겼어요,작품에 집중되어있는 느낌보다는 귀신의 집 테마에 더 집중한 느낌이라 아쉬웠어요.하지만 잘 모르는 사람도 흥미를 끌긴 쉬운 구조라고 생각 했습니다.
작품이 다양하고 흥미로우며 관람객이 많습니다,뭉크의 작품 연구 과정을 알 수 있고 당시 트렌드가 보이는 등 유익한 전시였습니다.관람객이 많아서 주요 작품은 자세히 보기 어려운 점이 아쉬웠지만 대신 낯선 작품들을 눈여겨 볼 수 있었습니다.
그림안에 들어간 느낌이였어요,잔잔하게 고흐의 일대기를 들으면서 작품을 하나하나 감상할 수 있어서 좋았고전시관 전체가 하나의 작품이 되는 미디어아트전시라서고흐의 그림안에 들어가서 고흐의 일생을 느낄 수 있어서만족스러운 전시였습니다 : )
2024 라움 하이볼＆와인 페스타,"단순한 시음 행사에 불과하던 소규모 런칭 페스타와는 스케일부터 남다르게 380평 규모의 실내 행사장과 400평 규모의 야외 가든에서 150여개의 브랜드가 참여한 <2024 라움 하이볼&와인 페스타>는 쉐리, 로제, 스파클링, 화이트, 레드 등 품종별 산지별 와인들이 총 망라되고 있었고 보드카, 데킬라, 진, 럼 등의 리큐어 종류와 몰트, 그레인, 블랜디드 등의 위스키와 프리미엄 맥주들도 소개되고 있었다. ?중저가의 하우스 브랜드부터 고가의 리저브들을 한눈에 살펴보고 시음하며 비교해 볼 수 있는 환상의 기회를 제공하는 <2024 라움 하이볼&와인 페스타>는 참으로 혜자로왔다."
뮤지컬 <빨래> 관람 후기,두번째 보는 건데 일단 배우분들의 연기가 엄청납니다 특히 저는 할머니 역을 맡으신 배우분의 연기에 놀랐어요 넘버들도 다 좋아요!!! 뭔가 벅차오르게 하는 넘버들이 많습니다
엄마랑 재밌게 다녀왔어요,"전시를 백화점 안에서 해서 긴가민가 했는데, 독립 전시관 못지않게 알차게 잘 꾸몄더라고요~ 만족스러웠습니다 :)"
감동입니다.,너무 좋았습니다.
너무 뜻깊고 감동적이고 대단했어요,요셉 복숭아 짜장면 김치찌개
남순영 해설사님 감사합니당,"늦게 왔는데..
이해해주신 일행분들, 그리고 끝까지 버리지 않고 챙겨주셔서 너무 좋았습니다. ㅠㅠ
설명도 조근조근~ 행복한 밤이었습니당
감사합니다"
그림속에 빠지다,"전면에 그림이 보여서. 너무 좋았어요.
그림에 흠뻑 빠졌어요."
반고흐 아이와함께,즐거운 시간 보내고 왔어요~ 아이가 좋아하고 관심갖는걸 보고 자주와야겠다생각했어요~
가족들과 함께 관람함,가족들과 함께 관람함.
가족들과 함께 관람함,가족들과 함께 관람함
추천하는 전시,생각보다 작품 수가 많아요. 물론 상당수가 판화이긴하지만 볼만한 전시였다고 생각합니다~뭉크 작품 좋아하신다면 가볼만 합니다.
베르나르뷔페전 강추합니다.,원화도 많이오고 도슨트와 함께하면 정말 좋아요
무더운 여름 힐링하기 잠깐 쉬어가기 좋은곳이였던 곳,"작품 하나하나가 너무 귀엽고 힐링되는 작품이였어요
큐알코드를 찍으면 나오는 작품설명도 함께 읽으니 더 깊게 감상할수있었어요
전시 공간도 한옥처럼 참 예뻤어요
너무 더웠는데 에어컨 빵빵한 실내에서 피아노 음악소리 들으며 하나하나를 감상하다보니
너무 힐링되고 좋았습니다
엽서와 북마크도 받고 음료쿠폰도 받아서 가성비있는
좋은 전시회였어요
요즘같이 덥고 지치는날 나에게 잠시나마 시원한 휴식을 주고싶다면 이곳 꼭 추천합니다!"
절대 가지 마세요.,영상 50분짜리. 보고 온 애들이 다들 별로라고 함. 비싸기만 함.
불친절,"직원인지 알바생인지
 관리는 누가 합니까 
손가락으로 사진 가르키니까 닿는다고 혼내네요 
선생님인줄 알았어요 
당연 닿지 않게 하고 있었는데..
여튼 한번은 조심해야겠다 해서 발도 안넘어가게 조심하고 있었는데 
또 와서 ...ㅡㅡ 그땐 못 참겠더라고요 
어슬렁어슬렁 선생님 돌아다니셔서 그냥 나왔습니다 
어이가 없네여 기분이 잡치네여"
바빠서 못봤는데,"아 환불 안되나요? 
그전에는 시기 얼마안남았다 문자 주던데
이번엔 그런것도 없이 놓쳐서 확인부탁드립니다"
아이부터 어른까지  온 가족이 함께 즐길 수 있는 전시!,"각 테마마다 숨어있는 메세지를 읽으며 관람하고, 마지막에 이 전시로 전하고 싶었던 의미가 결국 무엇이었는지 깨닫는 순간, 나를 한 번 더 되돌아보는 소중한  시간까지 가질 수 있는 짙은 전시였습니다~ 어느 구도로 막 찍어도 지울사진이 없어요ㅜㅜ
전시보면서 감탄하느라 사진 못찍은 곳도 있어서 조만간 어린 조카들을 데리고 다시 갈 예정!!"
글귀들은 이해하기 어려웠지만 사진찍고 글도 쓰고 재밌었어요,시 내용들은 좀 어려웠는데 감정에 대해 글을 쓰고 사진도 찍고 음악도 듣고 즐거웠습니다.
아이들이 좋아해요 !,"공간이 작아서 걱정했는데 코너가 다양하고 알차게 꾸며져있어서 아이들이 너무 좋아하네요
칠교수업이 녹아져있고 미션수행도 해서 재미있게 시간보냈어요!!"
아르떼뮤지엄,더운 여름 시원한 실내를 찾다가 발견한 아르떼 뮤지엄. 그림도 너무 멋있었고 눈까지 시원하게 힐링한것 같아 기분이 너무 좋았습니다. 처음엔 비싸다고 생각했는데 갔다오니 하나도 안아까웠습니다!!^^
평일 아소비,평일이라 어린이집 유치원에서 오긴했지만 칠교수업도 사진도 찍는데 무리없었고 볼풀공 관리를 열심히 해주셨어요!
따뜻한 사진전이였어요.,웃음소리가  들리는 듯한  사진이 많아  보는 내내 좋았어요
사진찍으며 즐기기 좋은 체험형 전시 Holiday in Paris (파리의 휴일),"이 전시에서는 4명의 프랑스 대표 인상파 작가들의 작품들을 미디어 아트로 재해석 했다고 하는데요.인상주의 화가들은 화실에 머물지 않고 빛과 색채의 탐구를 위해 야외로 나가 파리의 풍경을 화폭에 담았다고 해요.그래서 이 전시를 통해 19세기 말 파리의 감성과 예술을 느껴볼 수 있도록파리의 풍경을 담아 체험형 전시로 만들었다고 합니다.개인적인 의견으로는 어떤 전시를 보러 가더라도그 작가와 그 작가의 대표작들을 미리 알아보고 가면전시 내용에 더 집중하기 쉽고 기억에도 오래남는 것 같아요.작가가 유명해질수록 작가의 삶에 대한 이야기가 많은 인기를 끄는 것도..도슨트 분들의 설명을 들으며 작품을 관람하는 이유도 거기 있을 것 같은데요.그가 왜 그 그림을 그렸는지를 미리 알게 되기 때문이랄까요?스토리가 입혀진 그림은 실제로 어떤 모습일지 더 궁금해지기 마련이고요.궁금한거.. 그래서 직접 보고 싶은거..그래서 감동하고, 오래 기억하게 되는거~~이런 게 예술을 피부로 느끼는 게 아닐까요?블로그에 파리의 휴일 포스팅도 했습니다~https://blog.naver.com/darlingcake107/223538982453"
뭉크 전시회 너무 좋았습니다 ^^,"뭉크 하면 "" 절규 "" 만   알고  있었는데,...
전시회를  보고  
다양한 그림을  그렸다는 것이 좀 놀라웠습니다.

특히. 판화를 그렇게나 많이  그렸?다는 것이 특히. 놀랬던 점이었습니다.
판화는  검정을 위주로 써서 찍어내서 그런지 불안, 공포, 어두움과 같은 감정을  표현 하기에 잘 어울렸던  것  같았습니다.

그런데..전시회를  보니  뭉크도  밝은  색을 사용한  작품이 많았다는 것을  알게 되는  좋은 기회였습니다."
특별한 경험,전시 내용이 좋았고 동선도 관람에 편했어요. 아이도 좋아한 전시.
볼만한 전시에요.,볼만한 전시에요.
볼만한 전시에요.,볼만한 전시에요.
볼만한 전시에요.,볼만한 전시에요.
한 여름 날의 축제,라움아트센터의 멋진 야외에서 와인과 하이볼을 마음껏 시음하면서 공연도 보는 즐거운 축제였어다채로운 행사와 즐길거리가 가득한 이번 페스타에서 멋진 새로운 경험을 할 수 있어 정말 좋았어요다음엔 더 많은 친구들과 함께참석해서 즐기고 싶어요
좋은 전시,전시 동선 명확한 것도 좋았고 도슨트 투어도 작가와 작품을 이해하는 데 많은 도움이 되었습니다. 재밌고 흥미로운 전시였어요.
뭉크 굿,"오디오 해설 꼭 대여해서 들어가세요!

사람이 너무 많은데 줄서서 들어가니
오래, 느긋하게 보고 싶은 데 그렇게 못 하는 환경이긴하네요..

그래도 좋은 작품 볼 수 있어서 행복했어요"
귀여움 한도초가 볼거리 찍는재미가 가득한 전시,"전시 입구부터 귀여움이 가득해서 행복함이 몽글몽글 피어나는 것 같은 전시였어요 볼거리, 사진 찍는 재미 2가지 모두가 있어서 어렵지 않게 가볍게 전시를 즐길 수 있었어요"
좋았는데 사람이 너무 많네요ㅠㅠ,인원수를 좀 더 줄이거나 시간대로 받았으면 어땠을까 싶어요ㅠ
괜찮아요,"생각보다 짧긴 하지만, 멈춰서 보면 눈에 들어오는 부분들도 있고 괜찮은 편이에요"
즐겁게 관람했습니다.^^,"준비된 영상에 푹 빠져 작품을 더 깊이 이해하고 관람했습니다~^^
조용하고 차분하게 잘 관람하고 갑니다.^^"
신기한 빛의 세계,"빛을 이용하여 착시 효과를 내는게 신기했고
우리 눈이 이렇게 반응하는구나를 알게 됐어요"
뭉크전 을 보고,"서울신문 120 주년 기념 특별기획전 ""뭉크전""을

볼 기회가 있어 우선 감사합니다.

대충 알고만 있었던 내용을 자세히 실물로 확실하게 알고접하게 되어 그 또한 의미있는 시간이였습니다.
화가 개인의 고민이  시대에 따라 작품의 관점이 바뀐다는 것도 알게 되어 더 의미있는 전시였습니다"
"상상의 나래, 귀여움의 향연","전시를 보는 내내 특이하다, 귀엽다, 독특하다 신기하다 라는 말을 계속 했을 만큼 상상력을 키우기에 되게 좋은 전시였습니다!더운 여름 시원한 곳에서 전시보면서 힐링하기 너무 좋았습니다!"
기대이상의 웅장함!,"반고흐의 작품을 깊이있고 웅장하개 즐길 수 있어요
상세한 일대기 작품설명과 체험으로
여행하듯 새로운 경험을 할 수 있었습니다.
만족합니다!"
향기나는 전시회 새롭고 재밌었어요,향기나는 전시회 새롭고 재밌었어요
팀보타에 들어가고싶다,이런류의 보타닉 전시를 꾸준히 하고있는 아트팀이 있음에 감사. 감성최고
미래의 고고학자 다니엘 아샴 전시 만나고 왔어요~^^,"흥미로운 전시 추천합니다~^^
다니엘아샴 미래의 고고학자 만나는 경험 새롭고 흥미진진했어요 ㅎ
오디오가이드도 알차고 도슨트 설명도 좋았어요"
감성. 짱.,"2번째. 4번째. 마지막 챕터가 최애 챕터. 
사진찍을 맛이 남. 근데 셀카 찍음 조형물이 더 예뻐보임. 
마지막에 감성 일러? 삽화? 보여줌.
이게 약간 지브리 스타일에 sky 빛의 아이들 섞은 거?
암튼 완전 좋음. 짱. 꼭 봐야댐."
이건…,환경적 연출에 비해 부족한 컨텐츠
작지만 알차고 아이가 좋아해요,아기자기 예쁘고 놀이도 다양해서 아이가 좋아했어요! 선생님들도 모두 친절하세요.
컨페션 투 디 어스 전시 추천,"많은 부분에 대해 반성하게 되고, 몰랐던 부분들도 알게되었던 전시였습니다."
아이들이 놀기 좋아요~,미취학 아이가 놀기 좋게 소규모로 운영되요. 너무 넓지 않아서 아이 찾지않아 좋습니다.
5살 아이 즐겁게 놀았어요~,"사람도 적당하고 더운 여름방학 
5살 아이 즐겁게 놀다가요~"
돈아까워요ㅠ,"생각보다 규모 작고 할게 없어요..

가격은 비싸요 동네 키즈카페 가세요ㅠ"
아이가 좋아해요!,아이가 산리오 캐릭터 좋아해서 방문했고 정말 좋아했어요!사진 찍을 수 있는 공간이 많아서 더욱 즐거웠습니다.
럭셔리 브랜드들에게 가장 사랑을 받는 현대미술작가 다니엘 아샴의 예술적 원천과  세계관을 보기 좋아요,"다니엘 아샴은 건축과 회화를 전공한 후 뉴욕을 기반으로 활동하고있으며 무대 디자인, 댄스필름 제작등 예술활동범위를 넘나드는 최근 제일 핫하고 힙한 예술가이고 인스타그램 팔로워수는 무려 144만명이고 최근 럭셔리 브랜드들에게 가장 사랑을 받는 현대미술작가 중 한명으로 티파니앤코, 디올, 포르쉐, 아이다스 등 다수의 브랜드와 작업했다.사실 다니엘 아샴이라는 작가에대해서 잘 모르는 상태로 전시에 왔다가 회화, 드로잉, 영상, 설치 작업까지 다양한 스펙트럼을 보여주는 작품을 보여주면서도 자신만의 색채가 분명한것을 보고 진짜 요즘에 엄청난 인기를 받는 작가는 다르긴 다르구나 싶었다.롯데뮤지엄에서 진행하는 전시는 대체적으로 현시점에서 주목받는 현대예술작가 전시를 하는 경우가 많아서 재미있는 경우가 많다. 하지만 필연적으로 딸려오는 현대미술이나 작가의 작품관에 대한 정보가 없으면 다소 난해한 경우도 있는데 하루에 이렇게 여러번 도슨트를 진행하는 것도 마음에 들고 섹션마다 작품을 더욱 돋보일수있도록 노력하는게 눈에 보인다.특히나 요즘에 전시라고 하고 체험형에 치중되거나 작품보존을 위해 원작이 아닌 복제품을 걸어놓는 경우도 많은데 이렇게 원작품을 아주 가까이서(하지만 만져서는 안된다)볼수 있는것도 롯데뮤지엄 전시의 매력 중 하나이다."
전시 너무 좋았어요,팝아트거장 전시 너무 다채롭고 재밌었습니다 설명도 같이 들으면서 보니까 훨씬 흥미있었어요ㅎ
제임스 로젠퀴스트,"씨네큐브에서 영화 관람후 같은 건물인
세화 미술관서 처음 전시를 보았습니다.
기대보다는 작품수가 적어 아쉬웠지만
전시장에서 상영하는 다큐를 관람하니
작가의 대단함을 확실히 알수 있었습니다."
서울에서 느끼는 파리 파리의휴일 전시 관람 후기,"지난 주말 방문한 전시. 정말 오랜만의 전시라 기대가득 품고 다녀왔습니다.파리 올림픽을 맞이해 파리 여행 2번의 경험이 있는 저는 파리 앓이가 시작되었었는데요.특히 인상파 화가들의 그림을 너무 좋아하는 저로서는 이번 파리의휴일 전시가 정말 기대됐습니다.&#8203;압구정에 있는 전시관.K현대미술관버스정류장 바로 앞에라 더워도 갈만했던것 같아요.길건너서 버스타고 갈땐 나오자마자 타고.&#8203;들어가보니 깔끔한 전시관 내부가 인상적입니다.파리의휴일 전시는 지하1층에 위치했었어요.입장권 확인을 하고 들어갑니다.&#8203;전시는 크게 4개 섹션으로 구성되어잇어요.예술가들이 사랑했던 파리, 비현적인 색감과 빛,여유를 찾아 떠나는 파리의 여정, 일상속에서 예술을 발견하다.모든 섹션이 알차게 즐길 수 있도록 잘 준비한 전시였습니다. &#8203;들어가자마자 보이는 구스타브 카유보트  《비오는 날, 파리거리》우산들 속에 마치 화가가 본 장면 속에 있는듯한 느낌이였어요.  그외  마네, 쇠라, 카유보트, 르누아르 등 다양한 인상파 작가들의 그림이 미디어아트로 전시되어 있습니다.사진 찍기에도 좋지만 멍때리며 가만히 작품 보는것도 넘 힐링이였어요.&#8203;주제 자체가 파리의 휴일이라 평온한 마음 그 자체로 전시를 즐길 수 있었습니다. &#8203;제일 좋았던 부분은 이 파리 에펠탑 그네입니다.그네를 직접 타면 움직임에 따라서 화면이 바뀌는데요.꽃잎이 흩날리고 낙엽이 날리고  정말 에펠탑 앞에서 그네를 타는듯했습니다. 아이들도 넘 좋아할만한 전시라고 생각됐어요.&#8203;대형 미디어아트에서는 마치 작품속으로 빠져들어가는 듯한 느낌이 들었고요.직접 보트를 타고 파도를 느낄수 있는 전시는 역동성 그 자체였습니다. &#8203;잠시나마 일상을 멈추고 파리를 느끼기에 충분한 전시였습니다.저는 일요일 아침에 방문했더니 사람도 없고 더할나위 없이 좋더라구요.&#8203;인상파 화가들을 좋아하신다면, 도시 파리를 사랑하신다면 꼭 가보시길 추천드립니다.&#8203;[이 글은 초대권을 제공받아 주관적인 견해에 의해 작성했습니다]"
너무 귀여운 헬로키티,"헬로키티의 모든 것을 볼 수 있는 공간이에요
늦기 전에 얼른 다녀오세요!"
색다른 경험,"색다른 경험할수있는 시간이였습니다~
감사합니당 ^^"
조금 아쉬웠어요,"너무 체험존 위주로 한건 아닌가 싶어요.
사실 작가의 그림 세계관이나 스케치하는 모습을 보고 싶었는데 그림도 생각보다 적어서 좀 아쉽습니다.
그래도 체험존은 나쁘지 않았어요."
스웨덴 역사를 함께 배울 수 있던 전시회,그냥 궁금해서 갔는데 시대에 따라서 변하는 스웨덴 미술을 배우고 역사도 함께 배울 수 있어서 좋았어요구경하는 동안 시간가는 줄 몰랐네요
유머와 위트 없이 삶은 존재하지 않는다!,"위트 속에서 반짝이는 삶의 진리를 찾는 게 예술이지. 하비에르 카예하의 작품은 한 마디로 얘기하면 그거였어요. 알아차리는 순간 우리의 삶은 예술이 되고, 그걸 모른다면 이곳에 예술은 없는, 있지만 없는 곳. 혹은 있지만 발견하기. 저는 하비에르 카예하의 전시를 그렇게 봤습니다.  전시장 곳곳의 검은 고양이 작품이 어떤 의미일까 생각해보는 것도 즐거움을 줍니다."
아이들에게 회전문 관람하게 만드는 빛과 색의 공간!,"RGB, 하면 바로 연상되는 빛의 삼원색..이걸 아이랑 같이 볼 수 있을까? 어렵다고 하지 않을까? 지루하다고 느끼지 않을까? 이런 생각은 들어가자마자 정말 완전한 오해였음을 깨달았어요. 아이가 너무 좋아해서 회전문 관람을 했어요. 어지러워서 지나치기도 한다는 방이 활동성 넘치는 타입인 아이에게는 너무나 최적화된 곳이었습니다!"
어디서 악취가 나지 않는가,"이 전시가 시사하는 점은 분명 흥미를 자극했다. 비도덕성을 냄새로 치환하고, 장소와 기물들을 통해 표현한 방식 또한 세련됐다고 느꼈다. 체험적인 측면에서 나레이션이 불친절하다고 느꼈으나 결국 모든 전시를 경험하고 의도에는 닿을 수 있었기에 충분하다고도 생각된다. 하지만 개인적인 아쉬움은 관객이 휙득하게 되는 여운에 대해 조금 더 고민해줬으면 하는 생각이 남는다. 기승전결에서 기와 결을 담당하는 챗봇과 이미지 생성은 전체적인 무드에서 벗어나 몰입을 방해하는 요소로 작용했던 것 같다. 그럼에도 개별적인 오브젝트가 담아내고 있는 표현과 의미는 좋은 자극으로 다가왔다. 몹시 개인적인 감상이지만짧은 기간 안에 적합한 해결방법을 찾아 적용했다는 점에서도 찬사를 보내고싶다.우리는 인공지능과의 대화 속에서 나의 내면과 본질을 마주하는 상상을 하곤 한다. 마치 신점 보는 무당마냥 우리가 의식하지 못한 자아를 짚어내 일갈하기를 바라고 있다. 하지만 그런 상상은 아직, 어쩌면 끝내 이뤄지지 않는다. 인간이 빚은 비인간성의 총아는 인간의 의도를 되풀이한다. 불쾌함의 근원은 명확하다. 그놈의 악취 때문이다. 악취의 잔향은 끝내 흩어지지 않는다."
"독특한 미래관, 세계관이 녹아있는 전시",3024년의 미래의 모습을 뛰어난 상상력과 고고학을 결합시킨 스토리들로 신비한 느낌과 함께 볼 수 있었던 전시~ 독특한 상상력이 참 좋았던 전시였습니다.
아이와 여름방학 전시회 나들이로 넘 즐거웠어요,"인상파 화가들의 익숙한 명화를 입체적인 미디어아트로 만날 수 있는, 환상적인 전시회였어요.거리가 있어서 힘들게 도착했는데 전시 작품들 속에 있는 동안은 더위도 있고 파리와 예술을 느낄 수 있는 행복한 시간을 보냈습니다."
도슨트 없음 어려움,작품도 많고 알찼지만 설명 없이는 좀 이해하기 어려운 전시에요. 기기 빌려서 들을 순 있지만 그걸 듣느라 한 작품에 너무 오래 있는 사람들 때문에 방해가 좀 됐어요..
넘 귀여운 전시,넘 귀여웠던 전시였어요 다만 애들이 너무 시끄럽게 돌아다니는데 사진만 찍고 제어 안하는 부모들 때문에 좀 방해되서 아쉬웠어요;
아름답고 멋진 큐레이팅으로 여운이 남아요,북유럽에서만 느낄 수 있는 고요하고 평화로운 자연 풍경을 담은 작품들이 인상적이었어요.스칸디나비아 반도 사람들의 일상과 자연 풍경을 섬세하고 아름답게 그려낸 작품들을 감상할 수 있어서 뜻깊은 시간이었고 감동과 여운이 남는 미술 전시였습니다. 작품을 이해하는데 필수적인 배경지식 소개하는 섹션 코너가 체계적으로 잘 되어있어서 미술사 지식을 배우는데 많은 공부가 되었습니다. 전시의 마지막 코너를 보고 출구로 나오는게 아쉬울 정도로 인상 깊고 특별한 매력이 있는 전시였습니다. 멋지고 아름다운 북유럽 작품들의 특별한 전시를 직접 체험해보시길 추천해요.
아이와 전시회 나들이로 추천합니다.,"아이와 함께 파리의 여유로움을 몽환적으로 나타낸 그림들을 감상할 수 있는 전시로, 모든 공간이 체험형 인터랙티브 공간으로 꾸며져 있어 매우 흥미로웠습니다. 이 전시는 19세기 말 인상파 거장들의 작품을 새로운 방식으로 경험할 수 있는 기회를 제공합니다.전시는 르누아르, 마네, 쇠라, 카유보트 등의 작품을 다양한 테마로 재해석한 공간으로 구성되어 있습니다. 관람객들은 파리지앵이 되어 소풍, 뱃놀이, 길거리 산책, 까페에서의 여유, 정원에서의 휴식 등 일상 속에서 낭만을 느낄 수 있습니다. 특히 쇠라의 ''그랑자트 섬의 일요일 오후''를 공감각적인 미디어 아트로 표현한 공간은 매우 인상적이었습니다.  에펠탑 작품 앞에서 그네를 타며 함께 움직이는 에펠탑을 볼 수 있어, 아이들이 정말 좋아했습니다.또한, 파리 거리를 가로등과 함께 걸어볼 수 있는 공간도 마련되어 있습니다. 마네의 ''아르장퇴유 정원의 모네 가족 속 피크닉 장면''을 재해석한 곳으로, 마치 작품 속에 들어간 듯한 느낌을 줍니다. 마네의 ''뱃놀이''를 미디어 아트로 재해석한 공간에서는 투명 배를 타고 물 위를 헤쳐 나가며 특별한 경험을 할 수 있습니다.이번 전시는 파리올림픽 대신 체험할 수 있는 전시회로, 어른과 아이 모두에게 즐거운 추억을 선사합니다. 주말에도 생각보다 사람이 많지 않아 여유롭게 공간을 즐길 수 있었습니다. 사진을 많이 찍고 추억을 남길 수 있는 좋은 기회가 될 것입니다. 파리의 낭만과 인상파 화가들의 작품을 새로운 방식으로 즐기고 싶은 분들께 적극 추천합니다."
베르나르 뷔페,"여자친구랑 같이 갔는데 정말 멋진 전시회였어요
데이트 하러 오셔도 좋을 것 같네요"
와 생각보다 너무 재미있어요,재미있는 시간이었어요 다음주 또가보려고요
다니엘아샴 색다른 전시 경험하고 왔어요,"사실 전시를 보기 전에는 다니엘 아샴이라는 작가에 대해 잘 몰라서 어떤 전시인지가늠조차 못했는데, 보고나서는 표현력이나 색감이 우수하고, 아이디어가 좋은 분이라는생각이 들었어요.특히 ''상상의 고고학''이라는 개념이 너무 재밌었는데, 지금 일상에서 사용되는 물건들이 1000년 뒤에 유물로 출토될거라는 상상력과 고대 그리스와 로마 조각상을 재해석한 조각, 포켓몬 관련 조각이나 그림도 재밌었어요. 표현력 자체가 남다르다 보니 작품에 대한 개성이나 특별함도 배가되는 것같고, 작품수도 많아서 풍성한데다 조각, 회화 등 다양해서 정말 재밌게 보고 갑니다."
와인 시음하면서 공연도 즐기는 이색 페스타,저녁에는 보다 다채로운 공연들이 이뤄진다고 했는데애매하게 가야 했던 게 너무 아쉽더라고요ㅠㅠㅠ그래도 일찍 가서 즐길만치 즐기고 돌아갔답니다!내년에는 더 다양한 클래스와 와인을 맛보고 싶은 라움 와인&하이볼페스타!와인 시음해 보면서 취향의 와인 찾는 재미도 있어 이색 데이트로 즐기기 좋은 시간이었어요!
두번째방문,평소엔 정말 관심없었던 문화생활 . 육아를 하며 지친 내몸  아이를 조금 키워보니 이제 세상이 보이네요. 문화예술애 관  심은 많았지만 아기때문에 한계가 있었는데 유치원보내고 아  무생각없이 왔다가 힐링하고 가게 된곳. 친구랑 다시왔어요  그사이 커피와 슬러쉬?도 파시더라구요! 시원하게 베리슬러쉬? 한잔사서 한바퀴 아주 느리게 걸어서 포토존으로  좀 이야기가 있던데 이런  설치미술전시는 자신이 어디에 서있든 모든곳이 포토존이 아닐까요? 셀카찍는건 좋아하지않지만 꽃잎하나하나 색이예뻐 찍어보고왔어요. 사진에만 집중하신다면 스토리를 놓치실수 있으니 두번가세요^^ 하지만 팀보타전시는 관람객 자신이 보고 느끼는 바로 그게 이야기의 답(끝?)인것같아요! :)
데이트 하기 딱좋은 전시회네요,여자친구랑 다녀왔는데 그동안 봐왔던 전시회랑 다르게 특색있고 보는내내 처음보는 것들과 경험들이여서 신선하게 잘보구왔습니다
매길 수 없는 가치,내가 알던 뱅크시는 정말 일부였음..
브로콜리 놀이터,"아소비에서 주최하는거라 기대를 너무 많이 했는지 모르지만 광고에는 초등학생도 재밌게 놀 수 있다고 봤는데, 막상 가서 보니 유아들에게 적합해 보이더라구요. 
군데군데 안전 요원이 있어 그건 좋았습니다. 그래도 2시간 아이가 만족해 노는 모습을 보여 조금은 마음이 놓였네요!"
재밌었어요,재밌었어요
너무 재미있었어요,여자친구와 함께 기분좋은 데이트를 ~더욱 가깝게 해준 이토준지하우스 직원 여러분 감사합니다..정말 열연으로 어느 다른 공포체험보다도 넘나 무서웠어요 ㅠㅠㅠㅠㅠㅠㅠㅠ흐앙 이 글을 쓰는 지금도 후덜덜덜덜
역시 내 최애ㅠㅠ,2019년에 만나고 다시 만난 베르나르 뷔페.. 그림이 �N은 건 말할 것도 없고 이번 전시 큐레이팅이 정말 좋았어요 시기별이 아니라 테마별로 정리되어 있는데 나의 존재와 삶과 죽음을 생각해보게 되는 전시였습니다 역시나 마지막 섹션에선 눈물이 날 것 같더라고요
"반 고흐, 영혼의 편지","빈센트 반 고흐를 좋아하는 지인들과 근처를 산책하다 가벼운 마음으로 보러 갔습니다.인상주의 화가를 너무 좋아하고 그 중에서도 색체, 빛의 예술가인 고흐와 모네를 너무 좋아하는데, 한국에서 열리는 전시는 늘 유리판으로 막아둬서 유화 특유의 살아움직이는 느낌을 경험하기 힘들었습니다.이번 전시는 빈센트 반 고흐가 동생 테오와 주고받은 편지들을 토대로 만들어져, 테오가 빈센트 반 고흐의 삶을 영상과 함께 소개하는 형식의 전시였습니다.영상은 룸의 총 6면을 가득 채워서 송출되는 방식이고 어는 방면에서 어떤 자세로 앉든 편하게 관람하실 수 있습니다. 영상 애니메이션이 좋아서 유화 특유의 살아움직이는 듯한 느낌을 영상으로 표현한 것 같아 재미있고 즐거웠습니다. 평소 반 고흐의 그림을 좋아하고, 그의 삶에 대해 알고 싶은 분이시라면 가벼운 마음으로 한 번쯤 방문해도 좋을 것 같습니다."
더운날은 서울숲 친환경 데이트 코스 ??,"날씨도 덥고 습해서 데이트 코스를 생각하다가 
라스에서 윤하님 나온것 보고 생각이 나서 방문했습니다.
자연을 좋아하는 우리 커플이 이런 날씨에 땀흘리지 않고 시원하게 자연속에서 데이트 해서 너무 행복한 시간이었어요!
폐기되는 나무들도 그냥 버리지 않고 다 리사이클된다 하니 더 마음이 가는 전시였답니당!!
팀보타×윤하 멋져요!"
베르나르 뷔페!,놓치지 말아야 할 전시입니다!!!
정말 재미있었습니다!,다양한 작품들을 볼 수 있어서 너무 좋았습니다.
오감이 만족되는 전시!!,"평소 윤하님 너무 팬이라 기대하고 왔는데 역시 기대만큼이나..!!! 음악도 다음 앨범의 조각들이라 너무 소중하게 들었고 무엇보다 팀보타의 공간과도 잘 어울려 너무 만족하고 왔습니다!! 사진도 잘나오고 밖은 덥고 습한데, 살아 숨쉬는 자연을 시원한 실내에서 보니 너무 좋았습니다! 저는 다음주에 친구들과 또 방문할 예정입니다!"
자연의 아름다움,"도슨트님의 설명도 좋았고, 전시관이 추울 정도로 시원했어요"
애들도 많고 에어컨 곰팡이 냄새가 많이나요,"시간대별로 받는데도 겹치는건지
사람이 너무 많았어요
에어바운스쪽에 에어컨 관리가 잘 안되는건지
곰팡이 냄새가 많이 났어요.
관리가 좀 필요할 거 같아요
cctv도 총 몇개인지도 모르겠으나
공간이 꽤 넓은데도 저희가 본 건 하나밖에 없더라구요"
너무 무서워요,거대한 귀신의 집 입니다....어릴때 이토준지 만화를 재밌게 봐서 그런지 보면서 엇 이건 뭐다..!! 하는 재미가 있더라고요 ㅠㅠ너무 잘 만들어놔서 즐거웠습니다...만.. 쫄보라 많이 힘겨웠네요....
아시아프 최고,볼것도많고 더웠지만 안은 시원해서 좋았어요
19세기 파리속으로 들어온 전시,미드나잇인파리 영화속으로 들어온 거 같은 기분이 드는 전시입니다 작품은 눈으로만 즐기는게 아니라 온 몸으로 느낄수 있어 19세기 파리를 더 잘 느꼈습니다
절대 비추,관람평이 너무 좋아서 이상해요ㅋㅋㅋ전시도 너무 작고 무슨 얘기가 하고 싶은지도 모르겠고포토스팟도 몇개 없어요.만원정도였다면 납득할 수 있지만 표값이 2만원이 넘는데너무 볼거리가 없다고 느껴졌습니다.오디오 설명을 듣지 않고는 전혀 무슨 내용인지 알 수 없는 전시회라면전달에 문제가 있는게 아닐까요?비추합니다.
그림전 관람평,"첫 관람평이지만 그림도 좋왔으며 분위기도 관람하기 괜찮았습니다.
관람전 이어폰이 필요한걸 몰라 불편한 점은 있었습니다."
최고다!! 시간 가는 줄 모른다.,과거의 음악 앨범 커버의 제작과정이 얼마나 실험적인 노력 끝에 나온 결과물은지 알 수 있는 시간이었다.
봉쥬르~19세기로 시간여행,"과거로 돌아가 파리 거리를 거닐다가 야외테라스에서 쇠라와 커피 한잔 하는 기분을 내볼 수 있고 길게 늘어선 가로등에서 배우처럼 가로등을 잡고 찰칵 사진 한장을 찍어볼 수도 있다.

또한 비오는 거리의 느낌을 살려 비오는 날 우산쓰고 걷는 느낌도 낼 수 있다. 그당시 예술가들이 즐겼던 파리의 낭만과 예술적감성을 함께 공유하는 느낌이 들었다."
나쁘지 않앗어요,나쁘지 않앗음
완전 만족,너무 좋아요
미디어 아트를 좋아한다면,재미있을것 같아요
재미있었어요,같은 판화를 여러가지 버전으로 볼 수 있는점이 제일 흥미로웠습니다
알찬 내용의 대한제국 여행~,"폭염 속의 투어라 걱정을 많이 했는데 예상 외로 의미 있고 흥미 있는 시간이었습니다.
가이드를 해주신 김안나 강사님의 풍부한 지식과 설명, 심지어 사진까지 곁들어진 해설을 듣다보니 힘없는 조선말기가 아닌 나름대로 힘을 갖추기 위해 애�㎢� 대한제국의 노력을 알게 된 소중한 시간이었습니다.
그리고 참여한 아이들의 이름을 일일이 불러주시는 걸 보면서 프로다움을 느꼈고, 다음에도 기회가 되면 또 만나고 싶은 강사님이었습니다. ^^"
굿,좋았습니다
다시 만나고싶은 손은주 선생님!,날씨가 너무 더워 힘드실텐데도 정말 친절하시고 세심하시게 설명해주시고 아이 이름도 자주 불러주셔서 1학년이라 어렸웠을수도 있었을 아이도 즐겁게 잘 마무리했습니다. 다음에 또 다시뵈면 좋겠어요!! 감사합니다 선생님♡
좀 장난감 같은게 많아요,그래도 귀엽긴 했어요
믿고보는 롯데뮤지엄 전시,역시 알찬 전시였어요. 늘 티켓값하는 기획이라고 생각이 되구요. 이번 전시도 저에겐 생소한 작가님에 대해 자세히 알려준 친절하고 흥미로운 전시였습니다
누군가 같이하고싶은이와 함께하기 좋은 전시,시 문구를 통해 이끌어가는 감정의 이끌림속에 누군가를 통해 다시생각해보고 소중한 사람의 소통으로 더 좋은 경험과 관계를 생각하게해서 더 좋았어요~
피규어가 너무 멋있었던 전시,전체적으로 피규어들의 퀄리티가 너무 좋았습니다마지막 와노쿠니 결전 피규어는그거하나만으로도 간 보람이 느껴지는 곳 이었습니다
좋아요,좋아요 굿굿
작은 규모지만 알찬 전시입니다!!!,"전시규모가 작은편이라 처음엔 조금 아쉽다고 생각했는데...작품 하나하나 직접 보고 체험도 하면서 감상하다 보니까 전시의 전박적인 퀄리티가 진짜 좋더라구요!!!크루즈 디에고라는 작가를 한층 더 알 수 있었고, 정말 재미있고 알찬 전시였습니다.도슨트나 오디오 가이드도 전부 무료라서 좋더라구요 : )"
재밌고 알차고 감동적인 전시회,사진 아무데서나 찍어도 다 잘나오고 스토리텔링도 잘되어있고 볼거리도 많아요! 너무예쁨…
박상희 해설사님과 함께 한 덕수궁 야경투어 추천합니다!,"방학에 맞춰 한국 나왔다 돌아가기 며칠전, 어디를 가는게 좋을까 고민 끝에 딸이랑 선택한 소풍의 덕수궁 야경투어. 
저녁 6시, 30도가 훌쩍 넘는 폭염에도 지친 기색 하나없이 또록또록한 음성으로 해설해주신 박상희 해설사님 정말 엄지척 해드리고 싶어요!
오늘 이 투어를 선택하지 않았다면 단순히 야경이 아름다운 궁으로 사진만 남기고 말았을텐데, 아는만큼 보인다는 해설사님 말씀대로 이제 덕수궁을 대한제국의 가슴아픈 역사와 독립을 염원했던 애국열사들과 함께 기억하게 되었네요. 
다음 방학에는 소풍과 함께 또다른 궁 투어를 계획해 봐야겠어요.
박상희 해설사님 오늘 너무 감사했어요^^"
파리의 휴일,방학이라 아이와 다녀왔어요. 더운날씨에 실내활동 찾다가 다녀왔는데 다양한 볼거리와 포토존이 많이 좋았어요.
정말 좋은 시간이었습니다,"여자친구랑 같이 해설을 들었는데,  시간 가는 줄 몰랐습니다. 저도 여자친구도 역사에 관해 잘 몰랐는데, 흥미있는 내용에 전문적인 해설까지 해주셔서 뜻깊은 시간을 보낼 수 있었습니다. 다음에 또 이용의사 100% 입니다ㅎㅎ"
잘 구경했어요.,학교 미술책으로만 봤던 미술작품들을 보니 남다르네요. 거기다가 부연설명도 잘 되어 있어서 보는데 더 몰입할 수 있었구요.
2024 ASYAAF,"아는 친구가 작가로 참여하게 되어서, 오랜만에 전시를 관람해봤는데
다양한 젊은 작가들의 작품을 보는 재미가 있더라구요. 
소품이라고 해서 10만원으로 크기가 작은 작품도 사볼 수 있고, 우리나라 대학생&청년뿐만 아니라 외국 청년들의 작품도 함께 볼 수 있어 흥미로웠습니다.

위치도 서울역 바로 앞이라 찾기 쉬웠어요!

추천드립니다~"
아이와 짧게 관람하기 좋아요.,"아이의 방학기간, 함께 예술의전당으로 크루즈디에즈 전시회를 다녀왔습니다. 이 전시는 예술과 과학의 만남을 말하며 색과 빛의 환상적인 세계를 체험할 수 있다기에색을 좋아하는 아이와 즙겁게 체험할 수 있는 자리였습니다. 아이랑 갈 때는 도슨트는 사치라 생각했는데 후기가 꽤 괜찮아서, 아이가 조금 크고 난다면 함께 도슨트 프로그램에참여해도 좋을 것 같다. 크루즈 디에즈 전시는 사진촬영이 가능하다. 보는 각도에 따라 다른 느낌이라 색채 사이를 여행하는 느낌으로 많은 사진과 영상을 남길 수 있었다. 근접해서 볼 때와 멀리서 볼 때 다른 느낌이라 같은 전시물도 다양하게 감상할 수 있는특별한 경험을 할 수 있다. &#8203;어린 관람객을 위해 색 포화와 색채 경험 섹션은아이들에게 매우 인기가 많았다. &#8203;색채 경험 공간은 공을 굴리며 감상할 수 있어서 아이가 즐겁게 참여할 수 있다. &#8203;아이가 좋아하는 무늬와 색을 찾으려고 참여하는 모습이 인상적이었다. 크루즈 디에즈의 작품은 현실적인 색과 환상적인 색의 경계를 탐구하는 내용이 많아어른들과 아이들 모두 즐겁게 감상할 수 있다."
"너무 인기가 많음, 빨리봐야할듯",숲속에서 여자친구한테 칭찬받음
실내 데이트코스로 추천요,섹션별로 거울이랑 조명이 다 달라서 셀카찍기도 좋고  날더운데 데이트 뭐하지 고민했는네 실내라 시원하게 놀수 있어서 좋은거 같아요.
